timestamp,imu_z,imu_x,imu_y,motion_score,camera_event,camera_conf,road_event,road_conf,rear_event,rear_conf,decision,confidence,severity_score,motor_speed,lora_event,lora_sent,lora_confidence_check,lora_latency_ms,motion_conf,imu_conf,road_conf_fusion,ground_truth
22:21:20.801,1.0541,1.0121,1.0071,0.0,normal,0.0,normal,0.0,normal,0.0,NORMAL,3.1,0.0,100,normal,YES,PASS,0.0,0.068,0.022,0.0,
22:21:20.965,1.0249,1.0107,1.006,0.0,normal,0.0,normal,0.0,normal,0.0,NORMAL,1.6,0.0,100,normal,YES,PASS,0.0,0.034,0.01,0.0,
22:21:21.103,1.0298,1.0092,1.0106,0.0,normal,0.0,normal,0.0,normal,0.0,NORMAL,1.0,0.0,100,normal,YES,PASS,0.0,0.021,0.012,0.0,
22:21:21.242,1.0183,1.0121,1.0111,0.0,normal,0.0,normal,0.0,normal,0.0,NORMAL,0.7,0.0,100,normal,YES,PASS,0.0,0.014,0.007,0.0,
22:21:21.381,1.023,1.007,1.0098,0.0,normal,0.0,normal,0.0,normal,0.0,NORMAL,0.5,0.0,100,normal,YES,PASS,0.0,0.01,0.009,0.0,
22:21:21.523,1.0186,1.0051,1.0073,0.0,normal,0.0,normal,0.0,normal,0.0,NORMAL,0.4,0.0,100,normal,YES,PASS,0.0,0.007,0.007,0.0,
22:21:21.666,1.0042,1.0026,1.0127,0.0,normal,0.0,normal,0.0,normal,0.0,NORMAL,0.2,0.0,100,normal,YES,PASS,0.0,0.005,0.002,0.0,
22:21:21.805,1.0081,1.0113,1.0102,0.0,normal,0.0,normal,0.0,normal,0.0,NORMAL,0.2,0.0,100,normal,YES,PASS,0.0,0.004,0.003,0.0,
22:21:21.950,1.0034,1.01,1.0045,0.0,normal,0.0,normal,0.0,normal,0.0,NORMAL,0.1,0.0,100,normal,YES,PASS,0.0,0.003,0.001,0.0,
22:21:22.078,1.0095,1.014,1.0061,0.0,normal,0.0,normal,0.0,normal,0.0,NORMAL,0.1,0.0,100,normal,YES,PASS,0.0,0.002,0.004,0.0,
22:21:22.207,1.0275,1.01,1.0077,0.0,normal,0.0,normal,0.0,normal,0.0,NORMAL,0.1,0.0,100,normal,YES,PASS,0.0,0.001,0.011,0.0,
22:21:22.342,1.0183,1.0071,1.0057,0.0,normal,0.0,normal,0.0,normal,0.0,NORMAL,0.1,0.0,100,normal,YES,PASS,0.0,0.001,0.007,0.0,
22:21:22.481,1.0392,1.0079,1.0038,0.0,normal,0.0,normal,0.0,normal,0.0,NORMAL,0.1,0.0,100,normal,YES,PASS,0.0,0.001,0.016,0.0,
22:21:22.622,1.0615,1.0018,1.0074,0.0,normal,0.0,normal,0.0,normal,0.0,NORMAL,0.1,0.0,100,normal,YES,PASS,0.0,0.001,0.025,0.0,
22:21:22.758,1.0039,1.0059,1.0086,0.0,normal,0.0,normal,0.0,normal,0.0,NORMAL,0.0,0.0,100,normal,YES,PASS,0.0,0.0,0.002,0.0,
22:21:22.894,1.0417,1.0048,1.0059,0.0,normal,0.0,normal,0.0,normal,0.0,NORMAL,0.1,0.0,100,normal,YES,PASS,0.0,0.0,0.017,0.0,
22:21:23.034,1.0613,1.0046,1.011,0.0,normal,0.0,normal,0.0,normal,0.0,NORMAL,0.1,0.0,100,normal,YES,PASS,0.0,0.0,0.025,0.0,
22:21:23.169,1.007,1.0013,1.0073,0.0,normal,0.0,normal,0.0,normal,0.0,NORMAL,0.0,0.0,100,normal,YES,PASS,0.0,0.0,0.003,0.0,
22:21:23.307,1.0303,1.0014,1.0085,0.0,normal,0.0,normal,0.0,normal,0.0,NORMAL,0.1,0.0,100,normal,YES,PASS,0.0,0.0,0.012,0.0,
22:21:23.440,1.0254,1.0013,1.004,0.0,normal,0.0,normal,0.0,normal,0.0,NORMAL,0.1,0.0,100,normal,YES,PASS,0.0,0.0,0.01,0.0,
22:21:23.578,1.0446,1.0107,1.0083,0.0,normal,0.0,normal,0.0,normal,0.0,NORMAL,0.1,0.0,100,normal,YES,PASS,0.0,0.0,0.018,0.0,
22:21:23.717,1.0432,1.0058,1.003,0.0,normal,0.0,normal,0.0,normal,0.0,NORMAL,0.1,0.0,100,normal,YES,PASS,0.0,0.0,0.017,0.0,
22:21:23.853,1.057,1.0025,1.007,0.0,normal,0.0,normal,0.0,normal,0.0,NORMAL,0.1,0.0,100,normal,YES,PASS,0.0,0.0,0.023,0.0,
22:21:23.993,1.0466,1.0087,1.0122,0.0,normal,0.0,normal,0.0,normal,0.0,NORMAL,0.1,0.0,100,normal,YES,PASS,0.0,0.0,0.019,0.0,
22:21:24.133,1.0067,1.0098,1.0054,0.0,normal,0.0,normal,0.0,normal,0.0,NORMAL,0.0,0.0,100,normal,YES,PASS,0.0,0.0,0.003,0.0,
22:21:24.260,1.0004,1.0084,1.0033,0.0,normal,0.0,normal,0.0,normal,0.0,NORMAL,0.0,0.0,100,normal,YES,PASS,0.0,0.0,0.0,0.0,
22:21:24.398,1.0239,1.0032,1.0113,0.0,normal,0.0,normal,0.0,normal,0.0,NORMAL,0.0,0.0,100,normal,YES,PASS,0.0,0.0,0.01,0.0,
22:21:24.540,1.0141,1.0047,1.0028,0.0,normal,0.0,normal,0.0,normal,0.0,NORMAL,0.0,0.0,100,normal,YES,PASS,0.0,0.0,0.006,0.0,
22:21:24.680,1.0133,1.008,1.0069,0.0,normal,0.0,normal,0.0,normal,0.0,NORMAL,0.0,0.0,100,normal,YES,PASS,0.0,0.0,0.005,0.0,
22:21:24.825,1.0159,1.002,1.0034,0.0,normal,0.0,normal,0.0,normal,0.0,NORMAL,0.0,0.0,100,normal,YES,PASS,0.0,0.0,0.006,0.0,
22:21:24.963,1.0031,1.0024,1.009,0.0,normal,0.0,normal,0.0,normal,0.0,NORMAL,0.0,0.0,100,normal,YES,PASS,0.0,0.0,0.001,0.0,
22:21:25.094,1.0354,1.01,1.0005,0.0,normal,0.0,normal,0.0,normal,0.0,NORMAL,0.1,0.0,100,normal,YES,PASS,0.0,0.0,0.014,0.0,
22:21:25.235,1.0398,1.0023,1.0005,0.0,normal,0.0,normal,0.0,normal,0.0,NORMAL,0.1,0.0,100,normal,YES,PASS,0.0,0.0,0.016,0.0,
22:21:25.363,1.0163,1.0074,1.0009,0.0,normal,0.0,normal,0.0,normal,0.0,NORMAL,0.0,0.0,100,normal,YES,PASS,0.0,0.0,0.007,0.0,
22:21:25.496,1.0115,1.004,1.003,5.0,pothole,1.0,normal,0.0,normal,0.0,NORMAL,18.3,0.0,100,pothole,YES,PASS,0.0,0.405,0.005,0.0,
22:21:25.637,1.0147,1.0001,1.0113,5.0,pothole,1.0,normal,0.0,normal,0.0,NORMAL,31.6,0.22,100,pothole,YES,PASS,0.0,0.701,0.006,0.0,
22:21:25.777,1.0355,1.0148,1.0094,5.0,pothole,1.0,normal,0.0,normal,0.0,NORMAL,41.3,0.29,100,pothole,YES,PASS,0.0,0.917,0.014,0.0,
22:21:25.916,1.0328,1.0017,1.0086,5.0,pothole,1.0,normal,0.0,normal,0.0,CAUTION,45.1,0.32,84,pothole,NO,BLOCKED,0.0,1.0,0.013,0.0,
22:21:26.049,1.0426,1.0106,1.0132,5.0,pothole,1.0,normal,0.0,normal,0.0,CAUTION,45.1,0.32,84,pothole,NO,BLOCKED,0.0,1.0,0.017,0.0,
22:21:26.190,1.0484,1.0048,1.0115,5.0,pothole,1.0,normal,0.0,normal,0.0,CAUTION,45.1,0.32,84,pothole,NO,BLOCKED,0.0,1.0,0.019,0.0,
22:21:26.330,1.0547,1.0014,1.0091,5.0,pothole,1.0,normal,0.0,normal,0.0,CAUTION,45.1,0.32,84,pothole,NO,BLOCKED,0.0,1.0,0.022,0.0,
22:21:26.473,1.0495,1.0005,1.0103,5.0,pothole,1.0,normal,0.0,normal,0.0,CAUTION,45.1,0.32,84,pothole,NO,BLOCKED,0.0,1.0,0.02,0.0,
22:21:26.620,1.0033,1.0055,1.0067,5.0,pothole,1.0,normal,0.0,normal,0.0,CAUTION,45.0,0.32,84,pothole,NO,BLOCKED,0.0,1.0,0.001,0.0,
22:21:26.764,1.0592,1.0102,1.011,5.0,pothole,1.0,normal,0.0,normal,0.0,CAUTION,45.1,0.32,84,pothole,NO,BLOCKED,0.0,1.0,0.024,0.0,
22:21:26.907,1.0485,1.0034,1.0033,5.0,pothole,1.0,normal,0.0,normal,0.0,CAUTION,45.1,0.32,84,pothole,NO,BLOCKED,0.0,1.0,0.019,0.0,
22:21:27.052,1.0253,1.0035,1.002,5.0,pothole,1.0,normal,0.0,normal,0.0,CAUTION,45.1,0.32,84,pothole,NO,BLOCKED,0.0,1.0,0.01,0.0,
22:21:27.191,1.0069,1.0021,1.0034,5.0,pothole,1.0,normal,0.0,normal,0.0,CAUTION,45.0,0.32,84,pothole,NO,BLOCKED,0.0,1.0,0.003,0.0,
22:21:27.348,1.0253,1.0017,1.0042,5.0,pothole,1.0,normal,0.0,normal,0.0,CAUTION,45.1,0.32,84,pothole,NO,BLOCKED,0.0,1.0,0.01,0.0,
22:21:27.517,1.0145,1.0111,1.0037,5.0,pothole,1.0,normal,0.0,normal,0.0,CAUTION,45.0,0.32,84,pothole,NO,BLOCKED,0.0,1.0,0.006,0.0,
22:21:27.683,1.0271,1.0051,1.01,5.0,pothole,1.0,normal,0.0,normal,0.0,CAUTION,45.1,0.32,84,pothole,NO,BLOCKED,0.0,1.0,0.011,0.0,
22:21:27.842,1.0299,1.0105,1.0006,5.0,pothole,1.0,normal,0.0,normal,0.0,CAUTION,45.1,0.32,84,pothole,NO,BLOCKED,0.0,1.0,0.012,0.0,
22:21:28.009,1.0137,1.0099,1.0105,5.0,pothole,1.0,normal,0.0,normal,0.0,CAUTION,45.0,0.32,84,pothole,NO,BLOCKED,0.0,1.0,0.005,0.0,
22:21:28.165,1.0464,1.0051,1.0059,5.0,pothole,1.0,normal,0.0,normal,0.0,CAUTION,45.1,0.32,84,pothole,NO,BLOCKED,0.0,1.0,0.019,0.0,
22:21:28.325,1.0105,1.0049,1.0103,5.0,pothole,1.0,normal,0.0,normal,0.0,CAUTION,45.0,0.32,84,pothole,NO,BLOCKED,0.0,1.0,0.004,0.0,
22:21:28.487,1.0413,1.0054,1.0014,5.0,pothole,1.0,normal,0.0,normal,0.0,CAUTION,45.1,0.32,84,pothole,NO,BLOCKED,0.0,1.0,0.017,0.0,
22:21:28.654,1.004,1.0089,1.0058,5.0,pothole,1.0,normal,0.0,normal,0.0,CAUTION,45.0,0.32,84,pothole,NO,BLOCKED,0.0,1.0,0.002,0.0,
22:21:28.800,1.0052,1.0051,1.0012,5.0,pothole,1.0,normal,0.0,normal,0.0,CAUTION,45.0,0.32,84,pothole,NO,BLOCKED,0.0,1.0,0.002,0.0,
22:21:28.968,1.05,1.0012,1.003,5.0,pothole,1.0,normal,0.0,normal,0.0,CAUTION,45.1,0.32,84,pothole,NO,BLOCKED,0.0,1.0,0.02,0.0,
22:21:29.125,1.007,1.0083,1.0022,5.0,pothole,1.0,normal,0.0,normal,0.0,CAUTION,45.0,0.32,84,pothole,NO,BLOCKED,0.0,1.0,0.003,0.0,
22:21:29.281,1.044,1.0019,1.0048,4.6729,pothole,0.8364,normal,0.0,normal,0.0,CAUTION,45.1,0.32,84,pothole,NO,BLOCKED,0.0,1.0,0.018,0.0,
22:21:29.450,1.0315,1.0074,1.0087,4.6729,pothole,0.8364,normal,0.0,normal,0.0,CAUTION,45.1,0.32,84,pothole,NO,BLOCKED,0.0,1.0,0.013,0.0,
22:21:29.604,1.0071,1.0129,1.0029,4.6729,pothole,0.8364,normal,0.0,normal,0.0,CAUTION,45.0,0.32,84,pothole,NO,BLOCKED,0.0,1.0,0.003,0.0,
22:21:29.762,1.0195,1.004,1.0129,4.6729,pothole,0.8364,normal,0.0,normal,0.0,CAUTION,45.0,0.32,84,pothole,NO,BLOCKED,0.0,1.0,0.008,0.0,
22:21:29.917,1.0104,1.0072,1.0056,4.6729,pothole,0.8364,normal,0.0,normal,0.0,CAUTION,45.0,0.32,84,pothole,NO,BLOCKED,0.0,1.0,0.004,0.0,
22:21:30.081,1.0377,1.0104,1.0026,4.6729,pothole,0.8364,normal,0.0,normal,0.0,CAUTION,45.1,0.32,84,pothole,NO,BLOCKED,0.0,1.0,0.015,0.0,
22:21:30.249,1.0041,1.0001,1.0092,4.6729,pothole,0.8364,normal,0.0,normal,0.0,CAUTION,45.0,0.32,84,pothole,NO,BLOCKED,0.0,1.0,0.002,0.0,
22:21:30.416,1.0641,1.0071,1.001,4.6729,pothole,0.8364,normal,0.0,normal,0.0,CAUTION,45.1,0.32,84,pothole,NO,BLOCKED,0.0,1.0,0.026,0.0,
22:21:30.571,1.0016,1.0049,1.0,4.6729,pothole,0.8364,normal,0.0,normal,0.0,CAUTION,45.0,0.32,84,pothole,NO,BLOCKED,0.0,1.0,0.001,0.0,
22:21:30.738,1.0025,1.0148,1.0092,4.6729,pothole,0.8364,normal,0.0,normal,0.0,CAUTION,45.0,0.32,84,pothole,NO,BLOCKED,0.0,1.0,0.001,0.0,
22:21:30.888,1.0098,1.0115,1.0013,4.6729,pothole,0.8364,normal,0.0,normal,0.0,CAUTION,45.0,0.32,84,pothole,NO,BLOCKED,0.0,1.0,0.004,0.0,
22:21:31.044,1.0262,1.0038,1.0025,4.6729,pothole,0.8364,speed_hump,0.506,normal,0.0,CAUTION,62.8,0.63,69,speed_hump,NO,BLOCKED,0.0,1.0,0.01,0.506,
22:21:31.200,1.0122,1.0046,1.0011,0.0,normal,0.0,normal,0.0,normal,0.0,CAUTION,45.0,0.32,84,braking,NO,BLOCKED,0.0,1.0,0.005,0.0,
22:21:31.386,1.0012,1.0136,1.0055,0.0,normal,0.0,normal,0.0,normal,0.0,CAUTION,33.7,0.24,88,braking,NO,BLOCKED,0.0,0.748,0.0,0.0,
22:21:31.559,1.058,1.004,1.007,0.0,normal,0.0,normal,0.0,normal,0.0,CAUTION,24.7,0.0,100,braking,NO,BLOCKED,0.0,0.546,0.023,0.0,
22:21:31.738,1.0244,1.0007,1.009,0.0,normal,0.0,normal,0.0,normal,0.0,NORMAL,18.0,0.0,100,normal,YES,PASS,0.0,0.398,0.01,0.0,
22:21:31.907,1.0241,1.0007,1.0043,0.0,normal,0.0,normal,0.0,normal,0.0,NORMAL,13.1,0.0,100,normal,YES,PASS,0.0,0.291,0.01,0.0,
22:21:32.066,1.0136,1.0011,1.0133,0.0,normal,0.0,normal,0.0,normal,0.0,NORMAL,9.6,0.0,100,normal,YES,PASS,0.0,0.212,0.005,0.0,
22:21:32.218,1.0174,1.0108,1.0067,0.0,normal,0.0,normal,0.0,normal,0.0,NORMAL,7.0,0.0,100,normal,YES,PASS,0.0,0.155,0.007,0.0,
22:21:32.385,1.0398,1.0095,1.0075,0.0,normal,0.0,normal,0.0,normal,0.0,NORMAL,5.2,0.0,100,normal,YES,PASS,0.0,0.113,0.016,0.0,
22:21:32.545,1.0539,1.0016,1.006,0.0,normal,0.0,normal,0.0,normal,0.0,NORMAL,3.8,0.0,100,normal,YES,PASS,0.0,0.083,0.022,0.0,
22:21:32.704,1.0666,1.0017,1.0033,0.0,normal,0.0,normal,0.0,normal,0.0,NORMAL,2.8,0.0,100,normal,YES,PASS,0.0,0.06,0.027,0.0,
22:21:32.874,1.0091,1.0075,1.0106,0.0,normal,0.0,normal,0.0,normal,0.0,NORMAL,2.0,0.0,100,normal,YES,PASS,0.0,0.044,0.004,0.0,
22:21:33.039,1.0444,1.0007,1.0023,0.0,normal,0.0,normal,0.0,normal,0.0,NORMAL,1.5,0.0,100,normal,YES,PASS,0.0,0.032,0.018,0.0,
22:21:33.191,1.0503,1.0042,1.0073,0.0,normal,0.0,normal,0.0,normal,0.0,NORMAL,1.2,0.0,100,normal,YES,PASS,0.0,0.023,0.02,0.0,
22:21:33.357,1.0286,1.002,1.0082,0.0,normal,0.0,normal,0.0,normal,0.0,NORMAL,0.8,0.0,100,normal,YES,PASS,0.0,0.017,0.011,0.0,
22:21:33.510,1.0218,1.0096,1.0117,0.0,normal,0.0,normal,0.0,normal,0.0,NORMAL,0.6,0.0,100,normal,YES,PASS,0.0,0.012,0.009,0.0,
22:21:33.679,1.0294,1.0066,1.0105,0.0,normal,0.0,normal,0.0,normal,0.0,NORMAL,0.5,0.0,100,normal,YES,PASS,0.0,0.009,0.012,0.0,
22:21:33.852,1.0489,1.0052,1.0,0.0,normal,0.0,normal,0.0,normal,0.0,NORMAL,0.4,0.0,100,normal,YES,PASS,0.0,0.007,0.02,0.0,
22:21:34.026,1.0515,1.0038,1.0039,0.0,normal,0.0,normal,0.0,normal,0.0,NORMAL,0.3,0.0,100,normal,YES,PASS,0.0,0.005,0.021,0.0,
22:21:34.190,1.0129,1.0005,1.0091,0.0,normal,0.0,normal,0.0,normal,0.0,NORMAL,0.2,0.0,100,normal,YES,PASS,0.0,0.004,0.005,0.0,
22:21:34.357,1.0366,1.0132,1.0098,0.0,normal,0.0,normal,0.0,normal,0.0,NORMAL,0.2,0.0,100,normal,YES,PASS,0.0,0.003,0.015,0.0,
22:21:34.517,1.0051,1.0079,1.0078,0.0,normal,0.0,normal,0.0,normal,0.0,NORMAL,0.1,0.0,100,normal,YES,PASS,0.0,0.002,0.002,0.0,
22:21:34.676,1.0603,1.0101,1.0095,0.0,normal,0.0,normal,0.0,normal,0.0,NORMAL,0.2,0.0,100,normal,YES,PASS,0.0,0.001,0.024,0.0,
22:21:34.839,1.0181,1.0052,1.0032,0.0,normal,0.0,normal,0.0,normal,0.0,NORMAL,0.1,0.0,100,normal,YES,PASS,0.0,0.001,0.007,0.0,
22:21:35.000,1.0182,1.007,1.0049,0.0,normal,0.0,normal,0.0,normal,0.0,NORMAL,0.1,0.0,100,normal,YES,PASS,0.0,0.001,0.007,0.0,
22:21:35.149,1.0148,1.0069,1.0061,0.0,normal,0.0,normal,0.0,normal,0.0,NORMAL,0.1,0.0,100,normal,YES,PASS,0.0,0.001,0.006,0.0,
22:21:35.306,1.0562,1.001,1.0105,0.0,normal,0.0,normal,0.0,normal,0.0,NORMAL,0.1,0.0,100,normal,YES,PASS,0.0,0.0,0.022,0.0,
22:21:35.460,1.0204,1.0099,1.0034,0.0,normal,0.0,normal,0.0,normal,0.0,NORMAL,0.1,0.0,100,normal,YES,PASS,0.0,0.0,0.008,0.0,
22:21:35.611,1.0449,1.0073,1.0107,0.0,normal,0.0,normal,0.0,normal,0.0,NORMAL,0.1,0.0,100,normal,YES,PASS,0.0,0.0,0.018,0.0,
22:21:35.775,1.0137,1.0122,1.0113,0.0,normal,0.0,normal,0.0,normal,0.0,NORMAL,0.0,0.0,100,normal,YES,PASS,0.0,0.0,0.005,0.0,
22:21:35.933,1.0305,1.0065,1.0013,0.0,normal,0.0,normal,0.0,normal,0.0,NORMAL,0.1,0.0,100,normal,YES,PASS,0.0,0.0,0.012,0.0,
22:21:36.085,1.0293,1.0028,1.0017,0.0,normal,0.0,normal,0.0,normal,0.0,NORMAL,0.1,0.0,100,normal,YES,PASS,0.0,0.0,0.012,0.0,
22:21:36.242,1.0301,1.0032,1.0092,0.0,normal,0.0,normal,0.0,normal,0.0,NORMAL,0.1,0.0,100,normal,YES,PASS,0.0,0.0,0.012,0.0,
22:21:36.408,1.0302,1.0066,1.0065,0.0,normal,0.0,normal,0.0,normal,0.0,NORMAL,0.1,0.0,100,normal,YES,PASS,0.0,0.0,0.012,0.0,
22:21:36.580,1.0413,1.0074,1.0012,0.0,normal,0.0,normal,0.0,normal,0.0,NORMAL,0.1,0.0,100,normal,YES,PASS,0.0,0.0,0.017,0.0,
22:21:36.730,1.028,1.0047,1.0052,0.0,normal,0.0,normal,0.0,normal,0.0,NORMAL,0.1,0.0,100,normal,YES,PASS,0.0,0.0,0.011,0.0,
22:21:36.895,1.0413,1.0011,1.0016,0.0,normal,0.0,normal,0.0,normal,0.0,NORMAL,0.1,0.0,100,normal,YES,PASS,0.0,0.0,0.017,0.0,
22:21:37.076,1.0097,1.0046,1.0098,0.0,normal,0.0,normal,0.0,normal,0.0,NORMAL,0.0,0.0,100,normal,YES,PASS,0.0,0.0,0.004,0.0,
22:21:37.244,1.0381,1.009,1.0043,0.0,normal,0.0,normal,0.0,normal,0.0,NORMAL,0.1,0.0,100,normal,YES,PASS,0.0,0.0,0.015,0.0,
22:21:37.422,1.0433,1.0005,1.0076,0.0,normal,0.0,normal,0.0,normal,0.0,NORMAL,0.1,0.0,100,normal,YES,PASS,0.0,0.0,0.017,0.0,
22:21:37.577,1.0311,1.0103,1.0067,0.0,normal,0.0,normal,0.0,normal,0.0,NORMAL,0.1,0.0,100,normal,YES,PASS,0.0,0.0,0.012,0.0,
22:21:37.725,1.0404,1.0127,1.008,0.0,normal,0.0,normal,0.0,normal,0.0,NORMAL,0.1,0.0,100,normal,YES,PASS,0.0,0.0,0.016,0.0,
22:21:37.880,1.0074,1.0048,1.0121,0.0,normal,0.0,normal,0.0,normal,0.0,NORMAL,0.0,0.0,100,normal,YES,PASS,0.0,0.0,0.003,0.0,
22:21:38.027,1.0129,1.0005,1.0087,0.0,normal,0.0,normal,0.0,normal,0.0,NORMAL,0.0,0.0,100,normal,YES,PASS,0.0,0.0,0.005,0.0,
22:21:38.185,1.0106,1.0113,1.0004,0.0,normal,0.0,normal,0.0,normal,0.0,NORMAL,0.0,0.0,100,normal,YES,PASS,0.0,0.0,0.004,0.0,
22:21:38.349,1.0387,1.0107,1.0078,0.0,normal,0.0,normal,0.0,normal,0.0,NORMAL,0.1,0.0,100,normal,YES,PASS,0.0,0.0,0.015,0.0,
22:21:38.515,1.0467,1.0102,1.0113,0.0,normal,0.0,normal,0.0,normal,0.0,NORMAL,0.1,0.0,100,normal,YES,PASS,0.0,0.0,0.019,0.0,
22:21:38.667,1.0586,1.0003,1.0072,0.0,normal,0.0,normal,0.0,normal,0.0,NORMAL,0.1,0.0,100,normal,YES,PASS,0.0,0.0,0.023,0.0,
22:21:38.822,1.0414,1.0036,1.0132,0.0,normal,0.0,normal,0.0,normal,0.0,NORMAL,0.1,0.0,100,normal,YES,PASS,0.0,0.0,0.017,0.0,
22:21:38.976,1.0368,1.0026,1.0024,0.0,normal,0.0,normal,0.0,normal,0.0,NORMAL,0.1,0.0,100,normal,YES,PASS,0.0,0.0,0.015,0.0,
22:21:39.143,1.0395,1.0093,1.0134,0.0,normal,0.0,normal,0.0,normal,0.0,NORMAL,0.1,0.0,100,normal,YES,PASS,0.0,0.0,0.016,0.0,
22:21:39.309,1.0212,1.0087,1.0097,0.0,normal,0.0,normal,0.0,normal,0.0,NORMAL,0.0,0.0,100,normal,YES,PASS,0.0,0.0,0.008,0.0,
22:21:39.495,1.0176,1.0096,1.0067,0.0,normal,0.0,normal,0.0,normal,0.0,NORMAL,0.0,0.0,100,normal,YES,PASS,0.0,0.0,0.007,0.0,
22:21:39.668,1.035,1.006,1.0007,0.0,normal,0.0,normal,0.0,normal,0.0,NORMAL,0.1,0.0,100,normal,YES,PASS,0.0,0.0,0.014,0.0,
22:21:39.824,1.0382,1.0121,1.0031,0.0,normal,0.0,normal,0.0,normal,0.0,NORMAL,0.1,0.0,100,normal,YES,PASS,0.0,0.0,0.015,0.0,
22:21:39.969,1.0057,1.0069,1.0028,0.0,normal,0.0,normal,0.0,normal,0.0,NORMAL,0.0,0.0,100,normal,YES,PASS,0.0,0.0,0.002,0.0,
22:21:40.134,1.0404,1.0155,1.004,0.0,normal,0.0,normal,0.0,normal,0.0,NORMAL,0.1,0.0,100,normal,YES,PASS,0.0,0.0,0.016,0.0,
22:21:40.314,1.0002,1.0011,1.0028,0.0,normal,0.0,normal,0.0,normal,0.0,NORMAL,0.0,0.0,100,normal,YES,PASS,0.0,0.0,0.0,0.0,
22:21:40.479,1.0399,1.0029,1.0113,0.0,normal,0.0,normal,0.0,normal,0.0,NORMAL,0.1,0.0,100,normal,YES,PASS,0.0,0.0,0.016,0.0,
22:21:40.641,1.0129,1.0046,1.0003,0.0,normal,0.0,normal,0.0,normal,0.0,NORMAL,0.0,0.0,100,normal,YES,PASS,0.0,0.0,0.005,0.0,
22:21:40.793,1.0044,1.0017,1.0102,0.0,normal,0.0,normal,0.0,normal,0.0,NORMAL,0.0,0.0,100,normal,YES,PASS,0.0,0.0,0.002,0.0,normal
22:21:40.952,1.0116,1.003,1.0065,0.0,normal,0.0,normal,0.0,normal,0.0,NORMAL,0.0,0.0,100,normal,YES,PASS,0.0,0.0,0.005,0.0,
22:21:41.121,1.0404,1.0004,1.0115,0.0,normal,0.0,normal,0.0,normal,0.0,NORMAL,0.1,0.0,100,normal,YES,PASS,0.0,0.0,0.016,0.0,
22:21:41.306,1.0204,1.0094,1.0115,0.0,normal,0.0,normal,0.0,normal,0.0,NORMAL,0.0,0.0,100,normal,YES,PASS,0.0,0.0,0.008,0.0,
22:21:41.473,1.0617,1.007,1.009,0.0,normal,0.0,normal,0.0,normal,0.0,NORMAL,0.1,0.0,100,normal,YES,PASS,0.0,0.0,0.025,0.0,
22:21:41.644,1.0436,1.0093,1.0124,0.0,normal,0.0,normal,0.0,normal,0.0,NORMAL,0.1,0.0,100,normal,YES,PASS,0.0,0.0,0.017,0.0,
22:21:41.813,1.0151,1.0044,1.0017,0.0,normal,0.0,normal,0.0,normal,0.0,NORMAL,0.0,0.0,100,normal,YES,PASS,0.0,0.0,0.006,0.0,
22:21:41.988,1.028,1.0165,1.0072,0.0,normal,0.0,normal,0.0,normal,0.0,NORMAL,0.1,0.0,100,normal,YES,PASS,0.0,0.0,0.011,0.0,
22:21:42.160,1.0488,1.0128,1.0045,0.0,normal,0.0,normal,0.0,normal,0.0,NORMAL,0.1,0.0,100,normal,YES,PASS,0.0,0.0,0.02,0.0,
22:21:42.339,1.0117,1.005,1.0059,0.0,normal,0.0,normal,0.0,normal,0.0,NORMAL,0.0,0.0,100,normal,YES,PASS,0.0,0.0,0.005,0.0,
22:21:42.504,1.0119,1.0064,1.0037,0.0,normal,0.0,normal,0.0,normal,0.0,NORMAL,0.0,0.0,100,normal,YES,PASS,0.0,0.0,0.005,0.0,
22:21:42.665,1.0254,1.0077,1.0074,0.0,normal,0.0,normal,0.0,normal,0.0,NORMAL,0.1,0.0,100,normal,YES,PASS,0.0,0.0,0.01,0.0,
22:21:42.826,1.0336,1.0005,1.0138,0.0,normal,0.0,normal,0.0,normal,0.0,NORMAL,0.1,0.0,100,normal,YES,PASS,0.0,0.0,0.013,0.0,
22:21:42.974,1.0022,1.0087,1.0009,0.0,normal,0.0,normal,0.0,normal,0.0,NORMAL,0.0,0.0,100,normal,YES,PASS,0.0,0.0,0.001,0.0,normal
22:21:43.136,1.0553,1.0104,1.0063,0.0,normal,0.0,normal,0.0,normal,0.0,NORMAL,0.1,0.0,100,normal,YES,PASS,0.0,0.0,0.022,0.0,
22:21:43.291,1.0003,1.0037,1.0006,0.0,normal,0.0,normal,0.0,normal,0.0,NORMAL,0.0,0.0,100,normal,YES,PASS,0.0,0.0,0.0,0.0,
22:21:43.456,1.048,1.0074,1.0079,0.0,normal,0.0,normal,0.0,normal,0.0,NORMAL,0.1,0.0,100,normal,YES,PASS,0.0,0.0,0.019,0.0,
22:21:43.614,1.0401,1.0106,1.0005,0.0,normal,0.0,normal,0.0,normal,0.0,NORMAL,0.1,0.0,100,normal,YES,PASS,0.0,0.0,0.016,0.0,
22:21:43.782,1.016,1.006,1.0052,0.0,normal,0.0,normal,0.0,normal,0.0,NORMAL,0.0,0.0,100,normal,YES,PASS,0.0,0.0,0.006,0.0,
22:21:43.942,1.0092,1.0056,1.0038,0.0,normal,0.0,normal,0.0,normal,0.0,NORMAL,0.0,0.0,100,normal,YES,PASS,0.0,0.0,0.004,0.0,
22:21:44.104,1.0492,1.0043,1.0115,0.0,normal,0.0,normal,0.0,normal,0.0,NORMAL,0.1,0.0,100,normal,YES,PASS,0.0,0.0,0.02,0.0,
22:21:44.261,1.0113,1.0001,1.002,0.0,normal,0.0,normal,0.0,normal,0.0,NORMAL,0.0,0.0,100,normal,YES,PASS,0.0,0.0,0.005,0.0,
22:21:44.424,1.0151,1.0098,1.0082,0.0,normal,0.0,normal,0.0,normal,0.0,NORMAL,0.0,0.0,100,normal,YES,PASS,0.0,0.0,0.006,0.0,
22:21:44.583,1.0323,1.0008,1.0044,0.0,normal,0.0,normal,0.0,normal,0.0,NORMAL,0.1,0.0,100,normal,YES,PASS,0.0,0.0,0.013,0.0,
22:21:44.739,1.0144,1.0015,1.0073,0.0,normal,0.0,normal,0.0,normal,0.0,NORMAL,0.0,0.0,100,normal,YES,PASS,0.0,0.0,0.006,0.0,
22:21:44.910,1.0232,1.0124,1.0078,0.0,normal,0.0,normal,0.0,normal,0.0,NORMAL,0.0,0.0,100,normal,YES,PASS,0.0,0.0,0.009,0.0,
22:21:45.056,1.0405,1.0006,1.0069,0.0,normal,0.0,normal,0.0,normal,0.0,NORMAL,0.1,0.0,100,normal,YES,PASS,0.0,0.0,0.016,0.0,
22:21:45.223,1.0233,1.0037,1.012,0.0,normal,0.0,normal,0.0,normal,0.0,NORMAL,0.0,0.0,100,normal,YES,PASS,0.0,0.0,0.009,0.0,
22:21:45.370,1.0043,1.0004,1.0021,0.0,normal,0.0,normal,0.0,normal,0.0,NORMAL,0.0,0.0,100,normal,YES,PASS,0.0,0.0,0.002,0.0,
22:21:45.526,1.0281,1.0045,1.01,0.0,normal,0.0,normal,0.0,normal,0.0,NORMAL,0.1,0.0,100,normal,YES,PASS,0.0,0.0,0.011,0.0,
22:21:45.689,1.0561,1.0102,1.0094,0.0,normal,0.0,normal,0.0,normal,0.0,NORMAL,0.1,0.0,100,normal,YES,PASS,0.0,0.0,0.022,0.0,
22:21:45.841,1.0536,1.0044,1.002,0.0,normal,0.0,normal,0.0,normal,0.0,NORMAL,0.1,0.0,100,normal,YES,PASS,0.0,0.0,0.021,0.0,
22:21:46.004,1.0307,1.0048,1.0036,0.0,normal,0.0,normal,0.0,normal,0.0,NORMAL,0.1,0.0,100,normal,YES,PASS,0.0,0.0,0.012,0.0,
22:21:46.171,1.0632,1.003,1.0013,0.0,normal,0.0,normal,0.0,normal,0.0,NORMAL,0.1,0.0,100,normal,YES,PASS,0.0,0.0,0.025,0.0,
22:21:46.329,1.023,1.0115,1.0067,0.0,normal,0.0,normal,0.0,normal,0.0,NORMAL,0.0,0.0,100,normal,YES,PASS,0.0,0.0,0.009,0.0,
22:21:46.495,1.0284,1.0071,1.0065,0.0,normal,0.0,normal,0.0,normal,0.0,NORMAL,0.1,0.0,100,normal,YES,PASS,0.0,0.0,0.011,0.0,
22:21:46.650,1.0043,1.0028,1.0018,0.0,normal,0.0,normal,0.0,normal,0.0,NORMAL,0.0,0.0,100,normal,YES,PASS,0.0,0.0,0.002,0.0,
22:21:46.804,1.0189,1.0006,1.0106,0.0,normal,0.0,normal,0.0,normal,0.0,NORMAL,0.0,0.0,100,normal,YES,PASS,0.0,0.0,0.008,0.0,
22:21:46.977,1.0362,1.0106,1.0115,0.0,normal,0.0,speed_hump,0.5015,normal,0.0,NORMAL,17.6,0.0,100,speed_hump,YES,PASS,0.0,0.0,0.014,0.501,
22:21:47.146,1.0065,1.0081,1.0102,0.0,normal,0.0,normal,0.0,normal,0.0,NORMAL,0.0,0.0,100,normal,YES,PASS,0.0,0.0,0.003,0.0,
22:21:47.304,1.0297,1.0046,1.0004,0.0,normal,0.0,speed_hump,0.5041,normal,0.0,NORMAL,17.7,0.0,100,speed_hump,YES,PASS,0.0,0.0,0.012,0.504,
22:21:47.454,1.0443,1.0129,1.0035,0.0,normal,0.0,speed_hump,0.5021,normal,0.0,NORMAL,17.7,0.0,100,speed_hump,YES,PASS,0.0,0.0,0.018,0.502,
22:21:47.621,1.0288,1.004,1.0111,0.0,normal,0.0,speed_hump,0.5004,normal,0.0,NORMAL,17.6,0.0,100,speed_hump,YES,PASS,0.0,0.0,0.012,0.5,
22:21:47.781,1.0033,1.0031,1.0032,0.0,normal,0.0,speed_hump,0.5027,normal,0.0,NORMAL,17.6,0.0,100,speed_hump,YES,PASS,0.0,0.0,0.001,0.503,
22:21:47.936,1.0416,1.0086,1.0126,0.0,normal,0.0,speed_hump,0.5001,normal,0.0,NORMAL,17.6,0.0,100,speed_hump,YES,PASS,0.0,0.0,0.017,0.5,
22:21:48.082,1.0453,1.0003,1.0008,0.0,normal,0.0,speed_hump,0.503,normal,0.0,NORMAL,17.7,0.0,100,speed_hump,YES,PASS,0.0,0.0,0.018,0.503,
22:21:48.243,1.0428,1.0034,1.0039,0.0,normal,0.0,speed_hump,0.5035,normal,0.0,NORMAL,17.7,0.0,100,speed_hump,YES,PASS,0.0,0.0,0.017,0.503,
22:21:48.407,1.0398,1.014,1.0074,0.0,normal,0.0,speed_hump,0.5029,normal,0.0,NORMAL,17.7,0.0,100,speed_hump,YES,PASS,0.0,0.0,0.016,0.503,
22:21:48.574,1.0264,1.0046,1.0153,0.0,normal,0.0,speed_hump,0.5013,normal,0.0,NORMAL,17.6,0.0,100,speed_hump,YES,PASS,0.0,0.0,0.011,0.501,
22:21:48.739,1.0152,1.0032,1.0085,0.0,normal,0.0,speed_hump,0.5001,normal,0.0,NORMAL,17.5,0.0,100,speed_hump,YES,PASS,0.0,0.0,0.006,0.5,
22:21:48.894,1.0671,1.0013,1.0099,0.0,normal,0.0,speed_hump,0.5025,normal,0.0,NORMAL,17.7,0.0,100,speed_hump,YES,PASS,0.0,0.0,0.027,0.503,
22:21:49.049,1.0027,1.0092,1.0128,0.0,normal,0.0,normal,0.0,normal,0.0,NORMAL,0.0,0.0,100,normal,YES,PASS,0.0,0.0,0.001,0.0,
22:21:49.203,1.0288,1.012,1.011,0.0,normal,0.0,normal,0.0,normal,0.0,NORMAL,0.1,0.0,100,normal,YES,PASS,0.0,0.0,0.012,0.0,
22:21:49.356,1.0057,1.0052,1.0002,0.0,normal,0.0,normal,0.0,normal,0.0,NORMAL,0.0,0.0,100,normal,YES,PASS,0.0,0.0,0.002,0.0,
22:21:49.510,1.01,1.0005,1.0111,0.0,normal,0.0,normal,0.0,normal,0.0,NORMAL,0.0,0.0,100,normal,YES,PASS,0.0,0.0,0.004,0.0,
22:21:49.658,1.0019,1.0009,1.011,0.0,normal,0.0,normal,0.0,normal,0.0,NORMAL,0.0,0.0,100,normal,YES,PASS,0.0,0.0,0.001,0.0,
22:21:49.813,1.0257,1.0116,1.0138,0.0,normal,0.0,normal,0.0,normal,0.0,NORMAL,0.1,0.0,100,normal,YES,PASS,0.0,0.0,0.01,0.0,
22:21:49.983,1.0595,1.0117,1.0058,0.0,normal,0.0,normal,0.0,normal,0.0,NORMAL,0.1,0.0,100,normal,YES,PASS,0.0,0.0,0.024,0.0,
22:21:50.135,1.0585,1.0137,1.0068,0.0,normal,0.0,normal,0.0,normal,0.0,NORMAL,0.1,0.0,100,normal,YES,PASS,0.0,0.0,0.023,0.0,
22:21:50.282,1.0231,1.0066,1.0137,0.0,normal,0.0,normal,0.0,normal,0.0,NORMAL,0.0,0.0,100,normal,YES,PASS,0.0,0.0,0.009,0.0,
22:21:50.448,1.0325,1.0128,1.0007,0.0,normal,0.0,normal,0.0,normal,0.0,NORMAL,0.1,0.0,100,normal,YES,PASS,0.0,0.0,0.013,0.0,
22:21:50.605,1.013,1.0022,1.0065,0.0,normal,0.0,normal,0.0,normal,0.0,NORMAL,0.0,0.0,100,normal,YES,PASS,0.0,0.0,0.005,0.0,
22:21:50.780,1.0504,1.0059,1.0033,0.0,normal,0.0,normal,0.0,normal,0.0,NORMAL,0.1,0.0,100,normal,YES,PASS,0.0,0.0,0.02,0.0,
22:21:50.944,1.0011,1.0103,1.008,0.0,normal,0.0,speed_hump,0.5007,normal,0.0,NORMAL,17.5,0.0,100,speed_hump,YES,PASS,0.0,0.0,0.0,0.501,
22:21:51.103,1.0224,1.0083,1.0095,0.0,normal,0.0,normal,0.0,normal,0.0,NORMAL,0.0,0.0,100,normal,YES,PASS,0.0,0.0,0.009,0.0,
22:21:51.253,1.023,1.006,1.0035,0.0,normal,0.0,speed_hump,0.5008,normal,0.0,NORMAL,17.6,0.0,100,speed_hump,YES,PASS,0.0,0.0,0.009,0.501,
22:21:51.403,1.057,1.0002,1.0014,0.0,normal,0.0,speed_hump,0.5024,normal,0.0,NORMAL,17.7,0.0,100,speed_hump,YES,PASS,0.0,0.0,0.023,0.502,
22:21:51.565,1.0425,1.0067,1.0029,0.0,normal,0.0,normal,0.0,normal,0.0,NORMAL,0.1,0.0,100,normal,YES,PASS,0.0,0.0,0.017,0.0,
22:21:51.747,1.0607,1.0016,1.0135,0.0,normal,0.0,speed_hump,0.5006,normal,0.0,NORMAL,17.6,0.0,100,speed_hump,YES,PASS,0.0,0.0,0.024,0.501,
22:21:51.911,1.0099,1.0065,1.0112,0.0,normal,0.0,normal,0.0,normal,0.0,NORMAL,0.0,0.0,100,normal,YES,PASS,0.0,0.0,0.004,0.0,
22:21:52.077,1.0491,1.0119,1.0122,0.0,normal,0.0,normal,0.0,normal,0.0,NORMAL,0.1,0.0,100,normal,YES,PASS,0.0,0.0,0.02,0.0,
22:21:52.222,1.0509,1.0041,1.0119,0.0,normal,0.0,normal,0.0,normal,0.0,NORMAL,0.1,0.0,100,normal,YES,PASS,0.0,0.0,0.02,0.0,
22:21:52.380,1.0333,1.0111,1.0104,0.0,normal,0.0,normal,0.0,normal,0.0,NORMAL,0.1,0.0,100,normal,YES,PASS,0.0,0.0,0.013,0.0,
22:21:52.543,1.0175,1.0083,1.0043,0.0,normal,0.0,normal,0.0,normal,0.0,NORMAL,0.0,0.0,100,normal,YES,PASS,0.0,0.0,0.007,0.0,
22:21:52.701,1.0004,1.0094,1.0025,0.0,normal,0.0,normal,0.0,normal,0.0,NORMAL,0.0,0.0,100,normal,YES,PASS,0.0,0.0,0.0,0.0,
22:21:52.871,1.0025,1.0034,1.0015,0.0,normal,0.0,normal,0.0,normal,0.0,NORMAL,0.0,0.0,100,normal,YES,PASS,0.0,0.0,0.001,0.0,
22:21:53.031,1.0696,1.0123,1.0088,0.0,normal,0.0,normal,0.0,normal,0.0,NORMAL,0.1,0.0,100,normal,YES,PASS,0.0,0.0,0.028,0.0,
22:21:53.175,1.0144,1.0015,1.0119,0.0,normal,0.0,normal,0.0,normal,0.0,NORMAL,0.0,0.0,100,normal,YES,PASS,0.0,0.0,0.006,0.0,normal
22:21:53.336,1.0441,1.0099,1.0101,0.0,normal,0.0,normal,0.0,normal,0.0,NORMAL,0.1,0.0,100,normal,YES,PASS,0.0,0.0,0.018,0.0,
22:21:53.499,1.0245,1.0121,1.009,0.0,normal,0.0,normal,0.0,normal,0.0,NORMAL,0.0,0.0,100,normal,YES,PASS,0.0,0.0,0.01,0.0,
22:21:53.659,1.0029,1.0111,1.0054,0.0,normal,0.0,normal,0.0,normal,0.0,NORMAL,0.0,0.0,100,normal,YES,PASS,0.0,0.0,0.001,0.0,
22:21:53.832,1.0176,1.0071,1.0054,0.0,normal,0.0,normal,0.0,normal,0.0,NORMAL,0.0,0.0,100,normal,YES,PASS,0.0,0.0,0.007,0.0,
22:21:53.994,1.052,1.0064,1.0016,0.0,normal,0.0,normal,0.0,normal,0.0,NORMAL,0.1,0.0,100,normal,YES,PASS,0.0,0.0,0.021,0.0,
22:21:54.181,1.0318,1.0077,1.0026,0.0,normal,0.0,normal,0.0,normal,0.0,NORMAL,0.1,0.0,100,normal,YES,PASS,0.0,0.0,0.013,0.0,
22:21:54.352,1.0346,1.0026,1.0118,0.0,normal,0.0,normal,0.0,normal,0.0,NORMAL,0.1,0.0,100,normal,YES,PASS,0.0,0.0,0.014,0.0,
22:21:54.516,1.0335,1.0068,1.0078,0.0,normal,0.0,normal,0.0,normal,0.0,NORMAL,0.1,0.0,100,normal,YES,PASS,0.0,0.0,0.013,0.0,
22:21:54.690,1.0189,1.0005,1.0032,0.0,normal,0.0,normal,0.0,normal,0.0,NORMAL,0.0,0.0,100,normal,YES,PASS,0.0,0.0,0.008,0.0,
22:21:54.854,1.0595,1.0119,1.01,0.0,normal,0.0,normal,0.0,normal,0.0,NORMAL,0.1,0.0,100,normal,YES,PASS,0.0,0.0,0.024,0.0,
22:21:55.032,1.0192,1.0034,1.0049,0.0,normal,0.0,normal,0.0,normal,0.0,NORMAL,0.0,0.0,100,normal,YES,PASS,0.0,0.0,0.008,0.0,
22:21:55.205,1.0366,1.0028,1.0017,0.0,normal,0.0,speed_hump,0.5003,normal,0.0,NORMAL,17.6,0.0,100,speed_hump,YES,PASS,0.0,0.0,0.015,0.5,
22:21:55.354,1.0146,1.0134,1.002,0.0,normal,0.0,normal,0.0,normal,0.0,NORMAL,0.0,0.0,100,normal,YES,PASS,0.0,0.0,0.006,0.0,
22:21:55.499,1.0595,1.0115,1.0104,0.0,normal,0.0,normal,0.0,normal,0.0,NORMAL,0.1,0.0,100,normal,YES,PASS,0.0,0.0,0.024,0.0,
22:21:55.653,1.0438,1.0082,1.0121,0.0,normal,0.0,normal,0.0,normal,0.0,NORMAL,0.1,0.0,100,normal,YES,PASS,0.0,0.0,0.018,0.0,
22:21:55.823,1.0042,1.001,1.0081,0.0,normal,0.0,speed_hump,0.5011,normal,0.0,NORMAL,17.5,0.0,100,speed_hump,YES,PASS,0.0,0.0,0.002,0.501,
22:21:55.976,1.0479,1.0037,1.0027,0.0,normal,0.0,normal,0.0,normal,0.0,NORMAL,0.1,0.0,100,normal,YES,PASS,0.0,0.0,0.019,0.0,normal
22:21:56.141,1.0142,1.0097,1.0082,0.0,normal,0.0,normal,0.0,normal,0.0,NORMAL,0.0,0.0,100,normal,YES,PASS,0.0,0.0,0.006,0.0,
22:21:56.295,1.0529,1.0036,1.0091,0.0,normal,0.0,normal,0.0,normal,0.0,NORMAL,0.1,0.0,100,normal,YES,PASS,0.0,0.0,0.021,0.0,
22:21:56.443,1.0273,1.0134,1.0159,0.0,normal,0.0,normal,0.0,normal,0.0,NORMAL,0.1,0.0,100,normal,YES,PASS,0.0,0.0,0.011,0.0,
22:21:56.619,1.0095,1.0158,1.0235,0.0,normal,0.0,normal,0.0,normal,0.0,NORMAL,0.0,0.0,100,normal,YES,PASS,0.0,0.0,0.004,0.0,
22:21:56.805,1.0413,1.0055,1.0132,0.0,normal,0.0,normal,0.0,normal,0.0,NORMAL,0.1,0.0,100,normal,YES,PASS,0.0,0.0,0.017,0.0,
22:21:56.988,1.0082,1.0005,1.0014,0.0,normal,0.0,normal,0.0,normal,0.0,NORMAL,0.0,0.0,100,normal,YES,PASS,0.0,0.0,0.003,0.0,
22:21:57.172,1.0077,1.0001,1.0122,0.0,normal,0.0,speed_hump,0.5002,normal,0.0,NORMAL,17.5,0.0,100,speed_hump,YES,PASS,0.0,0.0,0.003,0.5,
22:21:57.329,1.0303,1.0061,1.0024,0.0,normal,0.0,normal,0.0,normal,0.0,NORMAL,0.1,0.0,100,normal,YES,PASS,0.0,0.0,0.012,0.0,
22:21:57.497,1.0019,1.0014,1.0128,0.0,normal,0.0,normal,0.0,normal,0.0,NORMAL,0.0,0.0,100,normal,YES,PASS,0.0,0.0,0.001,0.0,
22:21:57.655,1.059,1.0069,1.0032,0.0,normal,0.0,normal,0.0,normal,0.0,NORMAL,0.1,0.0,100,normal,YES,PASS,0.0,0.0,0.024,0.0,
22:21:57.818,1.0121,1.0007,1.007,0.0,normal,0.0,normal,0.0,normal,0.0,NORMAL,0.0,0.0,100,normal,YES,PASS,0.0,0.0,0.005,0.0,
22:21:57.983,1.0293,1.014,1.0043,0.0,normal,0.0,normal,0.0,normal,0.0,NORMAL,0.1,0.0,100,normal,YES,PASS,0.0,0.0,0.012,0.0,
22:21:58.152,1.03,1.0078,1.0078,0.0,normal,0.0,normal,0.0,normal,0.0,NORMAL,0.1,0.0,100,normal,YES,PASS,0.0,0.0,0.012,0.0,
22:21:58.315,1.0198,1.0025,1.0041,0.0,normal,0.0,normal,0.0,normal,0.0,NORMAL,0.0,0.0,100,normal,YES,PASS,0.0,0.0,0.008,0.0,
22:21:58.475,1.0594,1.0113,1.0095,0.0,normal,0.0,normal,0.0,normal,0.0,NORMAL,0.1,0.0,100,normal,YES,PASS,0.0,0.0,0.024,0.0,
22:21:58.633,1.0158,1.0089,1.0124,0.0,normal,0.0,speed_hump,0.5007,normal,0.0,NORMAL,17.6,0.0,100,speed_hump,YES,PASS,0.0,0.0,0.006,0.501,
22:21:58.790,1.0305,1.0032,1.0128,0.0,normal,0.0,speed_hump,0.5012,normal,0.0,NORMAL,17.6,0.0,100,speed_hump,YES,PASS,0.0,0.0,0.012,0.501,
22:21:58.947,1.023,1.0086,1.0003,0.0,normal,0.0,normal,0.0,normal,0.0,NORMAL,0.0,0.0,100,normal,YES,PASS,0.0,0.0,0.009,0.0,
22:21:59.101,1.0232,1.0125,1.0116,0.0,normal,0.0,speed_hump,0.5005,normal,0.0,NORMAL,17.6,0.0,100,speed_hump,YES,PASS,0.0,0.0,0.009,0.501,
22:21:59.276,1.0434,1.0059,1.0059,0.0,normal,0.0,normal,0.0,normal,0.0,NORMAL,0.1,0.0,100,normal,YES,PASS,0.0,0.0,0.017,0.0,
22:21:59.430,1.0165,1.0077,1.0088,0.0,normal,0.0,normal,0.0,normal,0.0,NORMAL,0.0,0.0,100,normal,YES,PASS,0.0,0.0,0.007,0.0,
22:21:59.596,1.0129,1.005,1.0051,0.0,normal,0.0,normal,0.0,normal,0.0,NORMAL,0.0,0.0,100,normal,YES,PASS,0.0,0.0,0.005,0.0,
22:21:59.755,1.0477,1.006,1.008,0.0,normal,0.0,normal,0.0,normal,0.0,NORMAL,0.1,0.0,100,normal,YES,PASS,0.0,0.0,0.019,0.0,
22:21:59.921,1.0523,1.0025,1.0017,0.0,normal,0.0,normal,0.0,normal,0.0,NORMAL,0.1,0.0,100,normal,YES,PASS,0.0,0.0,0.021,0.0,
22:22:00.103,1.0308,1.0045,1.0013,0.0,normal,0.0,normal,0.0,normal,0.0,NORMAL,0.1,0.0,100,normal,YES,PASS,0.0,0.0,0.012,0.0,
22:22:00.276,1.0585,1.0123,1.0063,0.0,normal,0.0,normal,0.0,normal,0.0,NORMAL,0.1,0.0,100,normal,YES,PASS,0.0,0.0,0.023,0.0,
22:22:00.449,1.0199,1.0064,1.0048,0.0,normal,0.0,normal,0.0,normal,0.0,NORMAL,0.0,0.0,100,normal,YES,PASS,0.0,0.0,0.008,0.0,
22:22:00.605,1.0549,1.0079,1.0102,0.0,normal,0.0,normal,0.0,normal,0.0,NORMAL,0.1,0.0,100,normal,YES,PASS,0.0,0.0,0.022,0.0,
22:22:00.761,1.0166,1.0111,1.0116,0.0,normal,0.0,normal,0.0,normal,0.0,NORMAL,0.0,0.0,100,normal,YES,PASS,0.0,0.0,0.007,0.0,
22:22:00.917,1.0284,1.0026,1.0061,0.0,normal,0.0,normal,0.0,normal,0.0,NORMAL,0.1,0.0,100,normal,YES,PASS,0.0,0.0,0.011,0.0,
22:22:01.074,1.0334,1.0093,1.0115,0.0,normal,0.0,normal,0.0,normal,0.0,NORMAL,0.1,0.0,100,normal,YES,PASS,0.0,0.0,0.013,0.0,
22:22:01.232,1.0065,1.0083,1.0007,0.0,normal,0.0,normal,0.0,normal,0.0,NORMAL,0.0,0.0,100,normal,YES,PASS,0.0,0.0,0.003,0.0,
22:22:01.400,1.0452,1.0092,1.0062,0.0,normal,0.0,normal,0.0,normal,0.0,NORMAL,0.1,0.0,100,normal,YES,PASS,0.0,0.0,0.018,0.0,
22:22:01.570,1.0346,1.0025,1.0058,0.0,normal,0.0,normal,0.0,normal,0.0,NORMAL,0.1,0.0,100,normal,YES,PASS,0.0,0.0,0.014,0.0,
22:22:01.739,1.0121,1.0044,1.007,0.0,normal,0.0,normal,0.0,normal,0.0,NORMAL,0.0,0.0,100,normal,YES,PASS,0.0,0.0,0.005,0.0,
22:22:01.893,1.0222,1.0077,1.0022,0.0,normal,0.0,normal,0.0,normal,0.0,NORMAL,0.0,0.0,100,normal,YES,PASS,0.0,0.0,0.009,0.0,
22:22:02.052,1.0317,1.0011,1.0071,0.0,normal,0.0,normal,0.0,normal,0.0,NORMAL,0.1,0.0,100,normal,YES,PASS,0.0,0.0,0.013,0.0,
22:22:02.214,1.0378,1.0009,1.0082,0.0,normal,0.0,speed_hump,0.5002,normal,0.0,NORMAL,17.6,0.0,100,speed_hump,YES,PASS,0.0,0.0,0.015,0.5,
22:22:02.390,1.0466,1.0166,1.0042,0.0,normal,0.0,normal,0.0,normal,0.0,NORMAL,0.1,0.0,100,normal,YES,PASS,0.0,0.0,0.019,0.0,
22:22:02.534,1.0428,1.0075,1.0146,0.0,normal,0.0,normal,0.0,normal,0.0,NORMAL,0.1,0.0,100,normal,YES,PASS,0.0,0.0,0.017,0.0,
22:22:02.696,1.0329,1.0108,1.0043,0.0,normal,0.0,normal,0.0,normal,0.0,NORMAL,0.1,0.0,100,normal,YES,PASS,0.0,0.0,0.013,0.0,
22:22:02.860,1.056,1.0117,1.0101,0.0,normal,0.0,normal,0.0,normal,0.0,NORMAL,0.1,0.0,100,normal,YES,PASS,0.0,0.0,0.022,0.0,
22:22:03.016,1.0107,1.0,1.0006,0.0,normal,0.0,normal,0.0,normal,0.0,NORMAL,0.0,0.0,100,normal,YES,PASS,0.0,0.0,0.004,0.0,
22:22:03.178,1.0235,1.0048,1.0108,0.0,normal,0.0,normal,0.0,normal,0.0,NORMAL,0.0,0.0,100,normal,YES,PASS,0.0,0.0,0.009,0.0,
22:22:03.345,1.0449,1.0042,1.0113,0.0,normal,0.0,normal,0.0,normal,0.0,NORMAL,0.1,0.0,100,normal,YES,PASS,0.0,0.0,0.018,0.0,
22:22:03.513,1.0265,1.0021,1.0111,0.0,normal,0.0,normal,0.0,normal,0.0,NORMAL,0.1,0.0,100,normal,YES,PASS,0.0,0.0,0.011,0.0,
22:22:03.673,1.015,1.0059,1.0154,0.0,normal,0.0,speed_hump,0.5017,normal,0.0,NORMAL,17.6,0.0,100,speed_hump,YES,PASS,0.0,0.0,0.006,0.502,
22:22:03.834,1.0083,1.0001,1.0099,0.0,normal,0.0,normal,0.0,normal,0.0,NORMAL,0.0,0.0,100,normal,YES,PASS,0.0,0.0,0.003,0.0,
22:22:03.982,1.0009,1.0106,1.0048,0.0,normal,0.0,normal,0.0,normal,0.0,NORMAL,0.0,0.0,100,normal,YES,PASS,0.0,0.0,0.0,0.0,
22:22:04.135,1.0341,1.0032,1.0084,1.9368,braking,0.7579,normal,0.0,normal,0.0,NORMAL,7.1,0.49,100,braking,YES,PASS,0.0,0.157,0.014,0.0,
22:22:04.307,1.052,1.0042,1.0006,1.9368,braking,0.7579,normal,0.0,normal,0.0,NORMAL,12.3,0.49,100,braking,YES,PASS,0.0,0.272,0.021,0.0,
22:22:04.476,1.0369,1.0007,1.0034,1.9368,braking,0.7579,normal,0.0,normal,0.0,CAUTION,16.1,0.49,75,braking,YES,BLOCKED,0.0,0.355,0.015,0.0,
22:22:04.643,1.0619,1.013,1.002,1.9368,braking,0.7579,normal,0.0,normal,0.0,CAUTION,18.9,0.49,75,braking,YES,BLOCKED,0.0,0.416,0.025,0.0,
22:22:04.786,1.0004,1.0116,1.0031,1.9368,braking,0.7579,normal,0.0,normal,0.0,CAUTION,20.7,0.49,75,braking,YES,BLOCKED,0.0,0.461,0.0,0.0,
22:22:04.946,1.0202,1.0013,1.0018,1.9368,braking,0.7579,normal,0.0,normal,0.0,CAUTION,22.2,0.49,75,braking,YES,BLOCKED,0.0,0.493,0.008,0.0,
22:22:05.103,1.026,1.0036,1.0038,1.9368,braking,0.7579,normal,0.0,normal,0.0,CAUTION,23.3,0.49,75,braking,YES,BLOCKED,0.0,0.517,0.01,0.0,
22:22:05.268,1.0082,1.0033,1.0078,1.9368,braking,0.7579,normal,0.0,normal,0.0,CAUTION,24.1,0.49,75,braking,YES,BLOCKED,0.0,0.534,0.003,0.0,
22:22:05.430,1.0301,1.0121,1.0149,1.9368,braking,0.7579,speed_hump,0.501,normal,0.0,CAUTION,42.2,0.49,75,speed_hump,YES,BLOCKED,0.0,0.547,0.012,0.501,
22:22:05.589,1.0131,1.0103,1.0044,1.9368,braking,0.7579,speed_hump,0.5115,normal,0.0,CAUTION,43.0,0.49,75,speed_hump,YES,BLOCKED,0.0,0.556,0.005,0.511,
22:22:05.747,1.0558,1.0111,1.0035,1.9368,braking,0.7579,speed_hump,0.514,normal,0.0,CAUTION,43.4,0.49,75,speed_hump,YES,BLOCKED,0.0,0.563,0.022,0.514,
22:22:05.909,1.0176,1.0061,1.0016,1.9368,braking,0.7579,speed_hump,0.5101,normal,0.0,CAUTION,43.4,0.49,75,speed_hump,YES,BLOCKED,0.0,0.568,0.007,0.51,
22:22:06.068,1.0025,1.0078,1.008,0.0,normal,0.0,speed_hump,0.5105,normal,0.0,CAUTION,36.5,0.26,87,speed_hump,NO,BLOCKED,0.0,0.414,0.001,0.51,
22:22:06.231,1.0242,1.0071,1.0067,0.0,normal,0.0,speed_hump,0.5161,normal,0.0,CAUTION,31.7,0.22,89,speed_hump,NO,BLOCKED,0.0,0.302,0.01,0.516,
22:22:06.407,1.0292,1.0134,1.0087,0.0,normal,0.0,speed_hump,0.5173,normal,0.0,CAUTION,28.1,0.2,90,speed_hump,NO,BLOCKED,0.0,0.221,0.012,0.517,
22:22:06.659,1.0231,1.0051,1.0004,0.0,normal,0.0,speed_hump,0.5219,normal,0.0,CAUTION,25.6,0.18,91,speed_hump,NO,BLOCKED,0.0,0.161,0.009,0.522,
22:22:06.838,1.0158,1.003,1.0155,0.0,normal,0.0,speed_hump,0.5252,normal,0.0,CAUTION,23.7,0.0,100,speed_hump,NO,BLOCKED,0.0,0.118,0.006,0.525,
22:22:07.030,1.0079,1.0091,1.0136,0.0,normal,0.0,speed_hump,0.5288,normal,0.0,CAUTION,22.4,0.0,100,speed_hump,NO,BLOCKED,0.0,0.086,0.003,0.529,
22:22:07.237,1.0038,1.0009,1.0091,0.0,normal,0.0,speed_hump,0.5306,normal,0.0,NORMAL,21.4,0.0,100,speed_hump,YES,PASS,0.0,0.063,0.002,0.531,
22:22:07.427,1.0091,1.0026,1.0003,0.0,normal,0.0,speed_hump,0.5337,normal,0.0,NORMAL,20.8,0.0,100,speed_hump,YES,PASS,0.0,0.046,0.004,0.534,
22:22:07.606,1.0227,1.012,1.0021,0.0,normal,0.0,speed_hump,0.5295,normal,0.0,NORMAL,20.1,0.0,100,speed_hump,YES,PASS,0.0,0.033,0.009,0.529,
22:22:07.764,1.0144,1.0097,1.0056,0.0,normal,0.0,speed_hump,0.5291,normal,0.0,NORMAL,19.6,0.0,100,speed_hump,YES,PASS,0.0,0.024,0.006,0.529,
22:22:07.954,1.0387,1.0094,1.006,0.0,normal,0.0,speed_hump,0.5282,normal,0.0,NORMAL,19.4,0.0,100,speed_hump,YES,PASS,0.0,0.018,0.015,0.528,
22:22:08.145,1.0343,1.0044,1.0119,0.0,normal,0.0,speed_hump,0.5291,normal,0.0,NORMAL,19.2,0.0,100,speed_hump,YES,PASS,0.0,0.013,0.014,0.529,
22:22:08.310,1.0596,1.0001,1.0118,0.0,normal,0.0,speed_hump,0.5301,normal,0.0,NORMAL,19.1,0.0,100,speed_hump,YES,PASS,0.0,0.009,0.024,0.53,
22:22:08.499,1.0006,1.0079,1.0079,0.0,normal,0.0,speed_hump,0.5288,normal,0.0,NORMAL,18.8,0.0,100,speed_hump,YES,PASS,0.0,0.007,0.0,0.529,
22:22:08.689,1.0314,1.009,1.0051,0.0,normal,0.0,speed_hump,0.5231,normal,0.0,NORMAL,18.6,0.0,100,speed_hump,YES,PASS,0.0,0.005,0.013,0.523,
22:22:08.882,1.0276,1.0029,1.01,0.0,normal,0.0,speed_hump,0.5265,normal,0.0,NORMAL,18.6,0.0,100,speed_hump,YES,PASS,0.0,0.004,0.011,0.527,
22:22:09.072,1.0484,1.0089,1.0063,0.0,normal,0.0,speed_hump,0.5223,normal,0.0,NORMAL,18.5,0.0,100,speed_hump,YES,PASS,0.0,0.003,0.019,0.522,
22:22:09.267,1.049,1.0023,1.0073,0.0,normal,0.0,speed_hump,0.5235,normal,0.0,NORMAL,18.5,0.0,100,speed_hump,YES,PASS,0.0,0.002,0.02,0.523,
22:22:09.439,1.0384,1.0021,1.0038,0.0,normal,0.0,speed_hump,0.5189,normal,0.0,NORMAL,18.3,0.0,100,speed_hump,YES,PASS,0.0,0.001,0.015,0.519,
22:22:09.612,1.0646,1.0037,1.0109,0.0,normal,0.0,speed_hump,0.5186,normal,0.0,NORMAL,18.3,0.0,100,speed_hump,YES,PASS,0.0,0.001,0.026,0.519,
22:22:09.784,1.0265,1.0007,1.0119,0.0,normal,0.0,speed_hump,0.5204,normal,0.0,NORMAL,18.3,0.0,100,speed_hump,YES,PASS,0.0,0.001,0.011,0.52,
22:22:09.953,1.0052,1.0112,1.0102,0.0,normal,0.0,speed_hump,0.516,normal,0.0,NORMAL,18.1,0.0,100,speed_hump,YES,PASS,0.0,0.001,0.002,0.516,
22:22:10.127,1.031,1.009,1.0017,0.0,normal,0.0,speed_hump,0.5172,normal,0.0,NORMAL,18.2,0.0,100,speed_hump,YES,PASS,0.0,0.0,0.012,0.517,
22:22:10.326,1.021,1.0082,1.0124,0.0,normal,0.0,speed_hump,0.52,normal,0.0,NORMAL,18.3,0.0,100,speed_hump,YES,PASS,0.0,0.0,0.008,0.52,
22:22:10.510,1.0509,1.0035,1.0075,0.0,normal,0.0,speed_hump,0.5236,normal,0.0,NORMAL,18.4,0.0,100,speed_hump,YES,PASS,0.0,0.0,0.02,0.524,
22:22:10.694,1.0126,1.0056,1.001,0.0,normal,0.0,speed_hump,0.5227,normal,0.0,NORMAL,18.3,0.0,100,speed_hump,YES,PASS,0.0,0.0,0.005,0.523,
22:22:10.858,1.0513,1.0082,1.005,0.0,normal,0.0,speed_hump,0.5226,normal,0.0,NORMAL,18.4,0.0,100,speed_hump,YES,PASS,0.0,0.0,0.021,0.523,
22:22:11.057,1.0126,1.0091,1.0013,0.0,normal,0.0,speed_hump,0.5228,normal,0.0,NORMAL,18.3,0.0,100,speed_hump,YES,PASS,0.0,0.0,0.005,0.523,
22:22:11.229,1.0041,1.0066,1.0091,0.0,normal,0.0,speed_hump,0.5229,normal,0.0,NORMAL,18.3,0.0,100,speed_hump,YES,PASS,0.0,0.0,0.002,0.523,
22:22:11.389,1.0627,1.0085,1.0102,0.0,normal,0.0,speed_hump,0.5207,normal,0.0,NORMAL,18.4,0.0,100,speed_hump,YES,PASS,0.0,0.0,0.025,0.521,
22:22:11.575,1.0311,1.0137,1.0001,0.0,normal,0.0,speed_hump,0.5221,normal,0.0,NORMAL,18.3,0.0,100,speed_hump,YES,PASS,0.0,0.0,0.012,0.522,
22:22:11.759,1.0031,1.0063,1.0076,0.0,normal,0.0,speed_hump,0.5118,normal,0.0,NORMAL,17.9,0.0,100,speed_hump,YES,PASS,0.0,0.0,0.001,0.512,
22:22:11.919,1.017,1.0002,1.0055,0.0,normal,0.0,speed_hump,0.5098,normal,0.0,NORMAL,17.9,0.0,100,speed_hump,YES,PASS,0.0,0.0,0.007,0.51,
22:22:12.105,1.0159,1.0088,1.0026,0.0,normal,0.0,speed_hump,0.5099,normal,0.0,NORMAL,17.9,0.0,100,speed_hump,YES,PASS,0.0,0.0,0.006,0.51,
22:22:12.276,1.0466,1.0018,1.0039,0.0,normal,0.0,speed_hump,0.512,normal,0.0,NORMAL,18.0,0.0,100,speed_hump,YES,PASS,0.0,0.0,0.019,0.512,
22:22:12.458,1.0175,1.009,1.0127,0.0,normal,0.0,speed_hump,0.5108,normal,0.0,NORMAL,17.9,0.0,100,speed_hump,YES,PASS,0.0,0.0,0.007,0.511,
22:22:12.619,1.0194,1.0042,1.0008,0.0,normal,0.0,speed_hump,0.5112,normal,0.0,NORMAL,17.9,0.0,100,speed_hump,YES,PASS,0.0,0.0,0.008,0.511,
22:22:12.791,1.0139,1.0121,1.0064,0.0,normal,0.0,speed_hump,0.5129,normal,0.0,NORMAL,18.0,0.0,100,speed_hump,YES,PASS,0.0,0.0,0.006,0.513,
22:22:12.973,1.0376,1.0107,1.0082,0.0,normal,0.0,speed_hump,0.5131,normal,0.0,NORMAL,18.0,0.0,100,speed_hump,YES,PASS,0.0,0.0,0.015,0.513,
22:22:13.148,1.0459,1.0077,1.0026,0.0,normal,0.0,speed_hump,0.5086,normal,0.0,NORMAL,17.9,0.0,100,speed_hump,YES,PASS,0.0,0.0,0.018,0.509,
22:22:13.335,1.0132,1.0018,1.0048,0.0,normal,0.0,speed_hump,0.5009,normal,0.0,NORMAL,17.6,0.0,100,speed_hump,YES,PASS,0.0,0.0,0.005,0.501,
22:22:13.531,1.0131,1.0026,1.0113,0.0,normal,0.0,speed_hump,0.5036,normal,0.0,NORMAL,17.7,0.0,100,speed_hump,YES,PASS,0.0,0.0,0.005,0.504,
22:22:13.707,1.0008,1.0108,1.0072,0.0,normal,0.0,speed_hump,0.51,normal,0.0,NORMAL,17.9,0.0,100,speed_hump,YES,PASS,0.0,0.0,0.0,0.51,
22:22:13.878,1.004,1.0068,1.0061,0.0,normal,0.0,speed_hump,0.5173,normal,0.0,NORMAL,18.1,0.0,100,speed_hump,YES,PASS,0.0,0.0,0.002,0.517,
22:22:14.072,1.0027,1.0054,1.0053,0.0,normal,0.0,speed_hump,0.5175,normal,0.0,NORMAL,18.1,0.0,100,speed_hump,YES,PASS,0.0,0.0,0.001,0.518,
22:22:14.247,1.0204,1.0052,1.0055,0.0,normal,0.0,speed_hump,0.5192,normal,0.0,NORMAL,18.2,0.0,100,speed_hump,YES,PASS,0.0,0.0,0.008,0.519,
22:22:14.465,1.0558,1.007,1.0015,0.0,normal,0.0,speed_hump,0.5179,normal,0.0,NORMAL,18.2,0.0,100,speed_hump,YES,PASS,0.0,0.0,0.022,0.518,
22:22:14.668,1.0175,1.0083,1.0032,0.0,normal,0.0,speed_hump,0.5205,normal,0.0,NORMAL,18.3,0.0,100,speed_hump,YES,PASS,0.0,0.0,0.007,0.52,
22:22:14.862,1.0023,1.0126,1.0092,0.0,normal,0.0,speed_hump,0.523,normal,0.0,NORMAL,18.3,0.0,100,speed_hump,YES,PASS,0.0,0.0,0.001,0.523,
22:22:15.048,1.0648,1.0079,1.0001,0.0,normal,0.0,speed_hump,0.5235,normal,0.0,NORMAL,18.5,0.0,100,speed_hump,YES,PASS,0.0,0.0,0.026,0.524,
22:22:15.220,1.0332,1.0127,1.0113,0.0,normal,0.0,speed_hump,0.5255,normal,0.0,NORMAL,18.5,0.0,100,speed_hump,YES,PASS,0.0,0.0,0.013,0.526,
22:22:15.409,1.0381,1.0004,1.0071,0.0,normal,0.0,speed_hump,0.5232,normal,0.0,NORMAL,18.4,0.0,100,speed_hump,YES,PASS,0.0,0.0,0.015,0.523,
22:22:15.588,1.0213,1.0112,1.0031,0.0,normal,0.0,speed_hump,0.5262,normal,0.0,NORMAL,18.5,0.0,100,speed_hump,YES,PASS,0.0,0.0,0.009,0.526,
22:22:15.775,1.0404,1.0059,1.0145,0.0,normal,0.0,speed_hump,0.5247,normal,0.0,NORMAL,18.4,0.0,100,speed_hump,YES,PASS,0.0,0.0,0.016,0.525,
22:22:15.935,1.0465,1.0076,1.0038,0.0,normal,0.0,speed_hump,0.524,normal,0.0,NORMAL,18.4,0.0,100,speed_hump,YES,PASS,0.0,0.0,0.019,0.524,
22:22:16.127,1.066,1.0045,1.0025,0.0,normal,0.0,speed_hump,0.5211,normal,0.0,NORMAL,18.4,0.0,100,speed_hump,YES,PASS,0.0,0.0,0.026,0.521,
22:22:16.318,1.0188,1.0115,1.0051,0.0,normal,0.0,speed_hump,0.5208,normal,0.0,NORMAL,18.3,0.0,100,speed_hump,YES,PASS,0.0,0.0,0.008,0.521,
22:22:16.476,1.0025,1.0084,1.0046,0.0,normal,0.0,speed_hump,0.5201,normal,0.0,NORMAL,18.2,0.0,100,speed_hump,YES,PASS,0.0,0.0,0.001,0.52,
22:22:16.669,1.0141,1.0123,1.0057,0.0,normal,0.0,speed_hump,0.5236,normal,0.0,NORMAL,18.4,0.0,100,speed_hump,YES,PASS,0.0,0.0,0.006,0.524,
22:22:16.830,1.0435,1.0003,1.0033,0.0,normal,0.0,speed_hump,0.5151,normal,0.0,NORMAL,18.1,0.0,100,speed_hump,YES,PASS,0.0,0.0,0.017,0.515,
22:22:17.008,1.0152,1.0056,1.009,0.0,normal,0.0,speed_hump,0.5163,normal,0.0,NORMAL,18.1,0.0,100,speed_hump,YES,PASS,0.0,0.0,0.006,0.516,
22:22:17.171,1.0451,1.0021,1.0012,0.0,normal,0.0,speed_hump,0.5147,normal,0.0,NORMAL,18.1,0.0,100,speed_hump,YES,PASS,0.0,0.0,0.018,0.515,
22:22:17.347,1.0549,1.008,1.0061,0.0,normal,0.0,speed_hump,0.5159,normal,0.0,NORMAL,18.2,0.0,100,speed_hump,YES,PASS,0.0,0.0,0.022,0.516,
22:22:17.522,1.0438,1.0024,1.0076,0.0,normal,0.0,speed_hump,0.5128,normal,0.0,NORMAL,18.0,0.0,100,speed_hump,YES,PASS,0.0,0.0,0.018,0.513,
22:22:17.700,1.0057,1.0007,1.0001,0.0,normal,0.0,speed_hump,0.5111,normal,0.0,NORMAL,17.9,0.0,100,speed_hump,YES,PASS,0.0,0.0,0.002,0.511,
22:22:17.870,1.0149,1.0046,1.0021,0.0,normal,0.0,speed_hump,0.5127,normal,0.0,NORMAL,18.0,0.0,100,speed_hump,YES,PASS,0.0,0.0,0.006,0.513,speed_hump
22:22:18.046,1.0325,1.0116,1.0036,0.0,normal,0.0,speed_hump,0.5153,normal,0.0,NORMAL,18.1,0.0,100,speed_hump,YES,PASS,0.0,0.0,0.013,0.515,
22:22:18.212,1.0555,1.0088,1.0084,0.0,normal,0.0,speed_hump,0.512,normal,0.0,NORMAL,18.0,0.0,100,speed_hump,YES,PASS,0.0,0.0,0.022,0.512,
22:22:18.369,1.0155,1.0101,1.0132,0.0,normal,0.0,speed_hump,0.5131,normal,0.0,NORMAL,18.0,0.0,100,speed_hump,YES,PASS,0.0,0.0,0.006,0.513,
22:22:18.546,1.0363,1.0025,1.0079,0.0,normal,0.0,speed_hump,0.5134,normal,0.0,NORMAL,18.0,0.0,100,speed_hump,YES,PASS,0.0,0.0,0.015,0.513,
22:22:18.738,1.046,1.0033,1.0006,0.0,normal,0.0,speed_hump,0.5156,normal,0.0,NORMAL,18.1,0.0,100,speed_hump,YES,PASS,0.0,0.0,0.018,0.516,
22:22:18.907,1.0133,1.0076,1.0084,0.0,normal,0.0,speed_hump,0.5139,normal,0.0,NORMAL,18.0,0.0,100,speed_hump,YES,PASS,0.0,0.0,0.005,0.514,
22:22:19.078,1.0188,1.0061,1.0097,0.0,normal,0.0,speed_hump,0.5157,normal,0.0,NORMAL,18.1,0.0,100,speed_hump,YES,PASS,0.0,0.0,0.008,0.516,
22:22:19.262,1.0299,1.0066,1.0078,0.0,normal,0.0,speed_hump,0.5131,normal,0.0,NORMAL,18.0,0.0,100,speed_hump,YES,PASS,0.0,0.0,0.012,0.513,
22:22:19.435,1.0352,1.0061,1.009,0.0,normal,0.0,speed_hump,0.5151,normal,0.0,NORMAL,18.1,0.0,100,speed_hump,YES,PASS,0.0,0.0,0.014,0.515,
22:22:19.627,1.0268,1.0074,1.0038,0.0,normal,0.0,speed_hump,0.5145,normal,0.0,NORMAL,18.1,0.0,100,speed_hump,YES,PASS,0.0,0.0,0.011,0.515,
22:22:19.800,1.0171,1.0094,1.0033,0.0,normal,0.0,speed_hump,0.5161,normal,0.0,NORMAL,18.1,0.0,100,speed_hump,YES,PASS,0.0,0.0,0.007,0.516,
22:22:19.972,1.0402,1.0013,1.0013,0.0,normal,0.0,speed_hump,0.5143,normal,0.0,NORMAL,18.1,0.0,100,speed_hump,YES,PASS,0.0,0.0,0.016,0.514,
22:22:20.127,1.0019,1.0059,1.0035,0.0,normal,0.0,speed_hump,0.5156,normal,0.0,NORMAL,18.0,0.0,100,speed_hump,YES,PASS,0.0,0.0,0.001,0.516,
22:22:20.306,1.0432,1.0092,1.0068,0.0,normal,0.0,speed_hump,0.515,normal,0.0,NORMAL,18.1,0.0,100,speed_hump,YES,PASS,0.0,0.0,0.017,0.515,
22:22:20.493,1.0416,1.005,1.0031,0.0,normal,0.0,speed_hump,0.517,normal,0.0,NORMAL,18.2,0.0,100,speed_hump,YES,PASS,0.0,0.0,0.017,0.517,
22:22:20.689,1.0359,1.0093,1.0081,0.0,normal,0.0,speed_hump,0.5163,normal,0.0,NORMAL,18.1,0.0,100,speed_hump,YES,PASS,0.0,0.0,0.014,0.516,
22:22:20.861,1.059,1.0063,1.0115,0.0,normal,0.0,speed_hump,0.5155,normal,0.0,NORMAL,18.2,0.0,100,speed_hump,YES,PASS,0.0,0.0,0.024,0.515,
22:22:21.035,1.0292,1.008,1.0075,0.0,normal,0.0,speed_hump,0.5125,normal,0.0,NORMAL,18.0,0.0,100,speed_hump,YES,PASS,0.0,0.0,0.012,0.512,
22:22:21.212,1.0523,1.0118,1.0032,0.0,normal,0.0,speed_hump,0.5119,normal,0.0,NORMAL,18.0,0.0,100,speed_hump,YES,PASS,0.0,0.0,0.021,0.512,
22:22:21.393,1.0192,1.0015,1.0047,0.0,normal,0.0,speed_hump,0.5121,normal,0.0,NORMAL,18.0,0.0,100,speed_hump,YES,PASS,0.0,0.0,0.008,0.512,
22:22:21.567,1.0348,1.009,1.0036,0.0,normal,0.0,speed_hump,0.5135,normal,0.0,NORMAL,18.0,0.0,100,speed_hump,YES,PASS,0.0,0.0,0.014,0.513,
22:22:21.737,1.0614,1.0071,1.0018,0.0,normal,0.0,speed_hump,0.5137,normal,0.0,NORMAL,18.1,0.0,100,speed_hump,YES,PASS,0.0,0.0,0.025,0.514,
22:22:21.924,1.011,1.002,1.0028,0.0,normal,0.0,speed_hump,0.5118,normal,0.0,NORMAL,17.9,0.0,100,speed_hump,YES,PASS,0.0,0.0,0.004,0.512,
22:22:22.082,1.0248,1.0044,1.0029,0.0,normal,0.0,speed_hump,0.5133,normal,0.0,NORMAL,18.0,0.0,100,speed_hump,YES,PASS,0.0,0.0,0.01,0.513,
22:22:22.272,1.0529,1.0035,1.0142,0.0,normal,0.0,speed_hump,0.5158,normal,0.0,NORMAL,18.2,0.0,100,speed_hump,YES,PASS,0.0,0.0,0.021,0.516,
22:22:22.451,1.0043,1.0098,1.005,0.0,normal,0.0,speed_hump,0.5145,normal,0.0,NORMAL,18.0,0.0,100,speed_hump,YES,PASS,0.0,0.0,0.002,0.515,
22:22:22.622,1.01,1.0162,1.0168,0.0,normal,0.0,speed_hump,0.5159,normal,0.0,NORMAL,18.1,0.0,100,speed_hump,YES,PASS,0.0,0.0,0.004,0.516,
22:22:22.792,1.033,1.0087,1.0082,0.0,normal,0.0,speed_hump,0.5154,normal,0.0,NORMAL,18.1,0.0,100,speed_hump,YES,PASS,0.0,0.0,0.013,0.515,
22:22:22.964,1.0425,1.0028,1.0067,0.0,normal,0.0,speed_hump,0.5158,normal,0.0,NORMAL,18.1,0.0,100,speed_hump,YES,PASS,0.0,0.0,0.017,0.516,
22:22:23.166,1.0499,1.0123,1.0077,0.0,normal,0.0,speed_hump,0.516,normal,0.0,NORMAL,18.2,0.0,100,speed_hump,YES,PASS,0.0,0.0,0.02,0.516,
22:22:23.374,1.0007,1.0073,1.0145,0.0,normal,0.0,speed_hump,0.5156,normal,0.0,NORMAL,18.0,0.0,100,speed_hump,YES,PASS,0.0,0.0,0.0,0.516,
22:22:23.533,1.0394,1.0051,1.0087,0.0,normal,0.0,speed_hump,0.5142,normal,0.0,NORMAL,18.1,0.0,100,speed_hump,YES,PASS,0.0,0.0,0.016,0.514,
22:22:23.702,1.0584,1.0079,1.0003,0.0,normal,0.0,speed_hump,0.515,normal,0.0,NORMAL,18.1,0.0,100,speed_hump,YES,PASS,0.0,0.0,0.023,0.515,
22:22:23.890,1.0506,1.0033,1.0024,0.0,normal,0.0,speed_hump,0.5172,normal,0.0,NORMAL,18.2,0.0,100,speed_hump,YES,PASS,0.0,0.0,0.02,0.517,
22:22:24.066,1.0107,1.0085,1.0118,0.0,normal,0.0,speed_hump,0.5159,normal,0.0,NORMAL,18.1,0.0,100,speed_hump,YES,PASS,0.0,0.0,0.004,0.516,
22:22:24.240,1.0337,1.0123,1.0114,0.0,normal,0.0,speed_hump,0.5129,normal,0.0,NORMAL,18.0,0.0,100,speed_hump,YES,PASS,0.0,0.0,0.013,0.513,
22:22:24.401,1.005,1.0018,1.0099,0.0,normal,0.0,speed_hump,0.5147,normal,0.0,NORMAL,18.0,0.0,100,speed_hump,YES,PASS,0.0,0.0,0.002,0.515,
22:22:24.578,1.048,1.0089,1.0134,0.0,normal,0.0,speed_hump,0.5111,normal,0.0,NORMAL,18.0,0.0,100,speed_hump,YES,PASS,0.0,0.0,0.019,0.511,
22:22:24.761,1.0568,1.0082,1.0017,0.0,normal,0.0,speed_hump,0.5134,normal,0.0,NORMAL,18.1,0.0,100,speed_hump,YES,PASS,0.0,0.0,0.023,0.513,
22:22:24.937,1.0381,1.006,1.0085,0.0,normal,0.0,speed_hump,0.5135,normal,0.0,NORMAL,18.0,0.0,100,speed_hump,YES,PASS,0.0,0.0,0.015,0.514,
22:22:25.101,1.0531,1.002,1.0011,0.0,normal,0.0,speed_hump,0.516,normal,0.0,NORMAL,18.2,0.0,100,speed_hump,YES,PASS,0.0,0.0,0.021,0.516,
22:22:25.258,1.0122,1.0101,1.0018,0.0,normal,0.0,speed_hump,0.5131,normal,0.0,NORMAL,18.0,0.0,100,speed_hump,YES,PASS,0.0,0.0,0.005,0.513,
22:22:25.434,1.0237,1.0037,1.0098,0.0,normal,0.0,speed_hump,0.5154,normal,0.0,NORMAL,18.1,0.0,100,speed_hump,YES,PASS,0.0,0.0,0.009,0.515,
22:22:25.601,1.0387,1.0153,1.0016,0.0,normal,0.0,speed_hump,0.513,normal,0.0,NORMAL,18.0,0.0,100,speed_hump,YES,PASS,0.0,0.0,0.015,0.513,
22:22:25.785,1.0413,1.0054,1.001,0.0,normal,0.0,speed_hump,0.5152,normal,0.0,NORMAL,18.1,0.0,100,speed_hump,YES,PASS,0.0,0.0,0.017,0.515,
22:22:25.965,1.0101,1.0108,1.0087,0.0,normal,0.0,speed_hump,0.5148,normal,0.0,NORMAL,18.0,0.0,100,speed_hump,YES,PASS,0.0,0.0,0.004,0.515,
22:22:26.125,1.0043,1.0019,1.0091,0.0,normal,0.0,speed_hump,0.5161,normal,0.0,NORMAL,18.1,0.0,100,speed_hump,YES,PASS,0.0,0.0,0.002,0.516,
22:22:26.299,1.0148,1.0093,1.0129,0.0,normal,0.0,speed_hump,0.5145,normal,0.0,NORMAL,18.0,0.0,100,speed_hump,YES,PASS,0.0,0.0,0.006,0.515,
22:22:26.483,1.0023,1.0125,1.0058,0.0,normal,0.0,speed_hump,0.5129,normal,0.0,NORMAL,18.0,0.0,100,speed_hump,YES,PASS,0.0,0.0,0.001,0.513,
22:22:26.673,1.0045,1.0016,1.0043,0.0,normal,0.0,speed_hump,0.5129,normal,0.0,NORMAL,18.0,0.0,100,speed_hump,YES,PASS,0.0,0.0,0.002,0.513,
22:22:26.857,1.0222,1.0017,1.0012,0.0,normal,0.0,speed_hump,0.5197,normal,0.0,NORMAL,18.2,0.0,100,speed_hump,YES,PASS,0.0,0.0,0.009,0.52,
22:22:27.051,1.0473,1.0124,1.0116,0.0,normal,0.0,speed_hump,0.5148,normal,0.0,NORMAL,18.1,0.0,100,speed_hump,YES,PASS,0.0,0.0,0.019,0.515,
22:22:27.217,1.0622,1.0078,1.0121,0.0,normal,0.0,speed_hump,0.5144,normal,0.0,NORMAL,18.1,0.0,100,speed_hump,YES,PASS,0.0,0.0,0.025,0.514,
22:22:27.399,1.0362,1.0012,1.0078,0.0,normal,0.0,speed_hump,0.5149,normal,0.0,NORMAL,18.1,0.0,100,speed_hump,YES,PASS,0.0,0.0,0.014,0.515,
22:22:27.567,1.0095,1.0067,1.013,0.0,normal,0.0,speed_hump,0.5126,normal,0.0,NORMAL,18.0,0.0,100,speed_hump,YES,PASS,0.0,0.0,0.004,0.513,
22:22:27.757,1.0217,1.0108,1.0073,0.0,normal,0.0,speed_hump,0.5106,normal,0.0,NORMAL,17.9,0.0,100,speed_hump,YES,PASS,0.0,0.0,0.009,0.511,
22:22:27.933,1.0523,1.011,1.0058,0.0,normal,0.0,speed_hump,0.5061,normal,0.0,NORMAL,17.8,0.0,100,speed_hump,YES,PASS,0.0,0.0,0.021,0.506,
22:22:28.096,1.0453,1.0078,1.0011,0.0,normal,0.0,speed_hump,0.5117,normal,0.0,NORMAL,18.0,0.0,100,speed_hump,YES,PASS,0.0,0.0,0.018,0.512,
22:22:28.289,1.0028,1.0122,1.0011,0.0,normal,0.0,speed_hump,0.517,normal,0.0,NORMAL,18.1,0.0,100,speed_hump,YES,PASS,0.0,0.0,0.001,0.517,
22:22:28.444,1.0201,1.0025,1.0074,0.0,normal,0.0,speed_hump,0.5167,normal,0.0,NORMAL,18.1,0.0,100,speed_hump,YES,PASS,0.0,0.0,0.008,0.517,
22:22:28.604,1.0434,1.0092,1.01,0.0,normal,0.0,speed_hump,0.5162,normal,0.0,NORMAL,18.2,0.0,100,speed_hump,YES,PASS,0.0,0.0,0.017,0.516,
22:22:28.788,1.0258,1.0064,1.0119,0.0,normal,0.0,speed_hump,0.5188,normal,0.0,NORMAL,18.2,0.0,100,speed_hump,YES,PASS,0.0,0.0,0.01,0.519,
22:22:28.949,1.0097,1.0087,1.0127,0.0,normal,0.0,speed_hump,0.5196,normal,0.0,NORMAL,18.2,0.0,100,speed_hump,YES,PASS,0.0,0.0,0.004,0.52,
22:22:29.124,1.0204,1.0071,1.0084,0.0,normal,0.0,speed_hump,0.522,normal,0.0,NORMAL,18.3,0.0,100,speed_hump,YES,PASS,0.0,0.0,0.008,0.522,
22:22:29.299,1.0627,1.0055,1.0026,0.0,normal,0.0,speed_hump,0.5205,normal,0.0,NORMAL,18.3,0.0,100,speed_hump,YES,PASS,0.0,0.0,0.025,0.521,
22:22:29.477,1.0407,1.0115,1.0076,0.0,normal,0.0,speed_hump,0.5202,normal,0.0,NORMAL,18.3,0.0,100,speed_hump,YES,PASS,0.0,0.0,0.016,0.52,normal
22:22:29.649,1.0048,1.0079,1.0065,0.0,normal,0.0,speed_hump,0.5206,normal,0.0,NORMAL,18.2,0.0,100,speed_hump,YES,PASS,0.0,0.0,0.002,0.521,
22:22:29.846,1.052,1.0097,1.0124,0.0,normal,0.0,speed_hump,0.5114,normal,0.0,NORMAL,18.0,0.0,100,speed_hump,YES,PASS,0.0,0.0,0.021,0.511,
22:22:30.008,1.0361,1.0025,1.0097,0.0,normal,0.0,speed_hump,0.5244,normal,0.0,NORMAL,18.4,0.0,100,speed_hump,YES,PASS,0.0,0.0,0.014,0.524,
22:22:30.212,1.0405,1.0092,1.0038,0.0,normal,0.0,speed_hump,0.5237,normal,0.0,NORMAL,18.4,0.0,100,speed_hump,YES,PASS,0.0,0.0,0.016,0.524,
22:22:30.396,1.0041,1.0172,1.0012,0.0,normal,0.0,speed_hump,0.5222,normal,0.0,NORMAL,18.3,0.0,100,speed_hump,YES,PASS,0.0,0.0,0.002,0.522,
22:22:30.570,1.0135,1.013,1.0021,0.0,normal,0.0,speed_hump,0.5131,normal,0.0,NORMAL,18.0,0.0,100,speed_hump,YES,PASS,0.0,0.0,0.005,0.513,
22:22:30.762,1.0148,1.0073,1.0115,0.0,normal,0.0,speed_hump,0.5236,normal,0.0,NORMAL,18.4,0.0,100,speed_hump,YES,PASS,0.0,0.0,0.006,0.524,
22:22:30.914,1.0041,1.0071,1.0059,0.0,normal,0.0,speed_hump,0.5142,normal,0.0,NORMAL,18.0,0.0,100,speed_hump,YES,PASS,0.0,0.0,0.002,0.514,
22:22:31.107,1.007,1.011,1.011,0.0,normal,0.0,speed_hump,0.5134,normal,0.0,NORMAL,18.0,0.0,100,speed_hump,YES,PASS,0.0,0.0,0.003,0.513,
22:22:31.281,1.0373,1.0053,1.0095,0.0,normal,0.0,speed_hump,0.5124,normal,0.0,NORMAL,18.0,0.0,100,speed_hump,YES,PASS,0.0,0.0,0.015,0.512,
22:22:31.466,1.0565,1.0075,1.0025,0.0,normal,0.0,speed_hump,0.515,normal,0.0,NORMAL,18.1,0.0,100,speed_hump,YES,PASS,0.0,0.0,0.023,0.515,
22:22:31.637,1.029,1.0076,1.0082,0.0,normal,0.0,speed_hump,0.5152,normal,0.0,NORMAL,18.1,0.0,100,speed_hump,YES,PASS,0.0,0.0,0.012,0.515,
22:22:31.799,1.0233,1.0049,1.0132,0.0,normal,0.0,speed_hump,0.514,normal,0.0,NORMAL,18.0,0.0,100,speed_hump,YES,PASS,0.0,0.0,0.009,0.514,
22:22:31.982,1.0428,1.0047,1.0004,0.0,normal,0.0,speed_hump,0.5111,normal,0.0,NORMAL,18.0,0.0,100,speed_hump,YES,PASS,0.0,0.0,0.017,0.511,
22:22:32.164,1.0023,1.0086,1.0038,0.0,normal,0.0,speed_hump,0.5152,normal,0.0,NORMAL,18.0,0.0,100,speed_hump,YES,PASS,0.0,0.0,0.001,0.515,
22:22:32.338,1.0164,1.0161,1.0048,0.0,normal,0.0,speed_hump,0.5137,normal,0.0,NORMAL,18.0,0.0,100,speed_hump,YES,PASS,0.0,0.0,0.007,0.514,
22:22:32.506,1.0028,1.0091,1.008,0.0,normal,0.0,speed_hump,0.5135,normal,0.0,NORMAL,18.0,0.0,100,speed_hump,YES,PASS,0.0,0.0,0.001,0.513,
22:22:32.671,1.0496,1.0103,1.0048,0.0,normal,0.0,speed_hump,0.5117,normal,0.0,NORMAL,18.0,0.0,100,speed_hump,YES,PASS,0.0,0.0,0.02,0.512,
22:22:32.844,1.0635,1.0135,1.0143,0.0,normal,0.0,speed_hump,0.5138,normal,0.0,NORMAL,18.1,0.0,100,speed_hump,YES,PASS,0.0,0.0,0.025,0.514,
22:22:33.010,1.0114,1.0081,1.0092,0.0,normal,0.0,speed_hump,0.5191,normal,0.0,NORMAL,18.2,0.0,100,speed_hump,YES,PASS,0.0,0.0,0.005,0.519,
22:22:33.183,1.0495,1.0043,1.0089,0.0,normal,0.0,speed_hump,0.5137,normal,0.0,NORMAL,18.1,0.0,100,speed_hump,YES,PASS,0.0,0.0,0.02,0.514,
22:22:33.364,1.0146,1.0101,1.0089,0.0,normal,0.0,speed_hump,0.5151,normal,0.0,NORMAL,18.1,0.0,100,speed_hump,YES,PASS,0.0,0.0,0.006,0.515,
22:22:33.534,1.028,1.0128,1.0072,0.0,normal,0.0,speed_hump,0.5147,normal,0.0,NORMAL,18.1,0.0,100,speed_hump,YES,PASS,0.0,0.0,0.011,0.515,
22:22:33.723,1.0376,1.0063,1.0053,0.0,normal,0.0,speed_hump,0.516,normal,0.0,NORMAL,18.1,0.0,100,speed_hump,YES,PASS,0.0,0.0,0.015,0.516,
22:22:33.909,1.054,1.0047,1.0014,0.0,normal,0.0,speed_hump,0.5157,normal,0.0,NORMAL,18.2,0.0,100,speed_hump,YES,PASS,0.0,0.0,0.022,0.516,
22:22:34.060,1.0063,1.0096,1.0041,0.0,normal,0.0,speed_hump,0.5174,normal,0.0,NORMAL,18.1,0.0,100,speed_hump,YES,PASS,0.0,0.0,0.003,0.517,
22:22:34.238,1.0437,1.0036,1.0057,0.0,normal,0.0,speed_hump,0.5162,normal,0.0,NORMAL,18.2,0.0,100,speed_hump,YES,PASS,0.0,0.0,0.017,0.516,
22:22:34.403,1.0634,1.0108,1.0063,0.0,normal,0.0,speed_hump,0.5137,normal,0.0,NORMAL,18.1,0.0,100,speed_hump,YES,PASS,0.0,0.0,0.025,0.514,
22:22:34.567,1.0103,1.0076,1.0022,0.0,normal,0.0,speed_hump,0.5224,normal,0.0,NORMAL,18.3,0.0,100,speed_hump,YES,PASS,0.0,0.0,0.004,0.522,
22:22:34.763,1.0543,1.0057,1.0019,0.0,normal,0.0,speed_hump,0.5196,normal,0.0,NORMAL,18.3,0.0,100,speed_hump,YES,PASS,0.0,0.0,0.022,0.52,
22:22:34.920,1.0474,1.0083,1.0072,0.0,normal,0.0,speed_hump,0.5211,normal,0.0,NORMAL,18.3,0.0,100,speed_hump,YES,PASS,0.0,0.0,0.019,0.521,
22:22:35.080,1.0404,1.0101,1.0009,0.0,normal,0.0,speed_hump,0.5217,normal,0.0,NORMAL,18.3,0.0,100,speed_hump,YES,PASS,0.0,0.0,0.016,0.522,
22:22:35.253,1.0456,1.0115,1.0001,0.0,normal,0.0,speed_hump,0.5126,normal,0.0,NORMAL,18.0,0.0,100,speed_hump,YES,PASS,0.0,0.0,0.018,0.513,
22:22:35.420,1.0506,1.0009,1.0048,0.0,normal,0.0,speed_hump,0.5152,normal,0.0,NORMAL,18.1,0.0,100,speed_hump,YES,PASS,0.0,0.0,0.02,0.515,
22:22:35.590,1.0485,1.0105,1.0027,0.0,normal,0.0,speed_hump,0.516,normal,0.0,NORMAL,18.2,0.0,100,speed_hump,YES,PASS,0.0,0.0,0.019,0.516,
22:22:35.752,1.0211,1.0089,1.0032,0.0,normal,0.0,speed_hump,0.515,normal,0.0,NORMAL,18.1,0.0,100,speed_hump,YES,PASS,0.0,0.0,0.008,0.515,
22:22:35.920,1.0399,1.0013,1.0145,0.0,normal,0.0,speed_hump,0.5148,normal,0.0,NORMAL,18.1,0.0,100,speed_hump,YES,PASS,0.0,0.0,0.016,0.515,
22:22:36.113,1.0091,1.009,1.0038,0.0,normal,0.0,speed_hump,0.5146,normal,0.0,NORMAL,18.0,0.0,100,speed_hump,YES,PASS,0.0,0.0,0.004,0.515,
22:22:36.299,1.0516,1.0023,1.0113,0.0,normal,0.0,speed_hump,0.5166,normal,0.0,NORMAL,18.2,0.0,100,speed_hump,YES,PASS,0.0,0.0,0.021,0.517,
22:22:36.466,1.0657,1.0128,1.0121,0.0,normal,0.0,speed_hump,0.5124,normal,0.0,NORMAL,18.1,0.0,100,speed_hump,YES,PASS,0.0,0.0,0.026,0.512,
22:22:36.653,1.002,1.0065,1.0073,0.0,normal,0.0,speed_hump,0.5131,normal,0.0,NORMAL,18.0,0.0,100,speed_hump,YES,PASS,0.0,0.0,0.001,0.513,
22:22:36.836,1.0396,1.0125,1.0008,0.0,normal,0.0,speed_hump,0.5177,normal,0.0,NORMAL,18.2,0.0,100,speed_hump,YES,PASS,0.0,0.0,0.016,0.518,
22:22:37.019,1.0429,1.0044,1.006,0.0,normal,0.0,speed_hump,0.5017,normal,0.0,NORMAL,17.6,0.0,100,speed_hump,YES,PASS,0.0,0.0,0.017,0.502,
22:22:37.175,1.0252,1.0007,1.0046,0.0,normal,0.0,speed_hump,0.5103,normal,0.0,NORMAL,17.9,0.0,100,speed_hump,YES,PASS,0.0,0.0,0.01,0.51,
22:22:37.354,1.0453,1.0047,1.0068,0.0,normal,0.0,speed_hump,0.5086,normal,0.0,NORMAL,17.9,0.0,100,speed_hump,YES,PASS,0.0,0.0,0.018,0.509,
22:22:37.520,1.0464,1.0049,1.0033,0.0,normal,0.0,speed_hump,0.5138,normal,0.0,NORMAL,18.1,0.0,100,speed_hump,YES,PASS,0.0,0.0,0.019,0.514,
22:22:37.699,1.0115,1.0091,1.0063,0.0,normal,0.0,speed_hump,0.5235,normal,0.0,NORMAL,18.3,0.0,100,speed_hump,YES,PASS,0.0,0.0,0.005,0.524,
22:22:37.878,1.0049,1.0055,1.0033,0.0,normal,0.0,speed_hump,0.5218,normal,0.0,NORMAL,18.3,0.0,100,speed_hump,YES,PASS,0.0,0.0,0.002,0.522,
22:22:38.064,1.0333,1.0064,1.0135,0.0,normal,0.0,speed_hump,0.5184,normal,0.0,NORMAL,18.2,0.0,100,speed_hump,YES,PASS,0.0,0.0,0.013,0.518,
22:22:38.353,1.0356,1.0097,1.0122,0.0,normal,0.0,speed_hump,0.5195,normal,0.0,NORMAL,18.3,0.0,100,speed_hump,YES,PASS,0.0,0.0,0.014,0.519,
22:22:38.638,1.0417,1.0062,1.01,0.0,normal,0.0,speed_hump,0.5258,normal,0.0,NORMAL,18.5,0.0,100,speed_hump,YES,PASS,0.0,0.0,0.017,0.526,
22:22:38.907,1.0077,1.004,1.008,0.0,normal,0.0,speed_hump,0.5247,normal,0.0,NORMAL,18.4,0.0,100,speed_hump,YES,PASS,0.0,0.0,0.003,0.525,
22:22:39.099,1.0006,1.0033,1.0061,0.0,normal,0.0,speed_hump,0.5198,normal,0.0,NORMAL,18.2,0.0,100,speed_hump,YES,PASS,0.0,0.0,0.0,0.52,
22:22:39.332,1.0146,1.007,1.0067,0.0,normal,0.0,speed_hump,0.5202,normal,0.0,NORMAL,18.2,0.0,100,speed_hump,YES,PASS,0.0,0.0,0.006,0.52,
22:22:39.510,1.035,1.0118,1.0081,0.0,normal,0.0,speed_hump,0.5097,normal,0.0,NORMAL,17.9,0.0,100,speed_hump,YES,PASS,0.0,0.0,0.014,0.51,
