timestamp,imu_z,motion_score,decision,motor_speed,confidence
15:09:31.438,0.46,0,NORMAL,100,87.0%
15:09:31.504,0.43,0.0,NORMAL,100,100.0%
15:09:31.528,0.45,0.0,NORMAL,100,100.0%
15:09:31.558,0.45,0.0,NORMAL,100,100.0%
15:09:31.613,0.47,0.0,NORMAL,100,100.0%
15:09:31.673,0.44,0.0,NORMAL,100,100.0%
15:09:31.733,0.45,0.0,NORMAL,100,100.0%
15:09:31.796,0.44,0.0,NORMAL,100,100.0%
15:09:31.820,0.46,0.0,NORMAL,100,100.0%
15:09:31.856,0.46,0.0,NORMAL,100,100.0%
15:09:31.904,0.45,0.0,NORMAL,100,100.0%
15:09:31.965,0.45,0.0,NORMAL,100,100.0%
15:09:32.014,0.45,0.0,NORMAL,100,100.0%
15:09:32.062,0.44,0.0,NORMAL,100,100.0%
15:09:32.111,0.45,0.0,NORMAL,100,100.0%
15:09:32.159,0.45,252.4,NORMAL,30,59.0%
15:09:32.207,0.45,1.24,NORMAL,100,100.0%
15:09:32.255,0.45,0.0,NORMAL,100,100.0%
15:09:32.319,0.45,0.0,NORMAL,100,100.0%
15:09:32.368,0.44,0.0,NORMAL,100,100.0%
15:09:32.414,0.44,4.5,NORMAL,30,59.0%
15:09:32.461,0.44,0.0,NORMAL,100,100.0%
15:09:32.511,0.44,0.78,NORMAL,100,100.0%
15:09:32.562,0.44,0.0,NORMAL,100,100.0%
15:09:32.613,0.44,0.0,NORMAL,100,100.0%
15:09:32.671,0.45,0.0,NORMAL,100,100.0%
15:09:32.730,0.44,22.1,NORMAL,30,59.0%
15:09:32.770,0.45,28.35,NORMAL,30,59.0%
15:09:32.820,0.44,7.41,HAZARD,30,59.0%
15:09:32.879,0.43,24.39,HAZARD,30,59.0%
15:09:32.920,0.44,23.8,HAZARD,30,59.0%
15:09:32.961,0.44,31.43,HAZARD,30,59.0%
15:09:33.034,0.43,18.26,HAZARD,30,59.0%
15:09:33.145,0.42,0.0,HAZARD,100,100.0%
15:09:33.212,0.44,6.27,HAZARD,30,59.0%
15:09:33.263,0.45,0.0,HAZARD,100,100.0%
15:09:33.311,0.44,0.0,NORMAL,100,100.0%
15:09:33.345,0.44,0.0,NORMAL,100,100.0%
15:09:33.386,0.42,0.0,NORMAL,100,100.0%
15:09:33.450,0.43,0.0,NORMAL,100,100.0%
15:09:33.492,0.47,0.0,NORMAL,100,100.0%
15:09:33.540,0.44,0.0,NORMAL,100,100.0%
15:09:33.589,0.45,0.0,NORMAL,100,100.0%
15:09:33.638,0.41,0.0,NORMAL,100,100.0%
15:09:33.687,0.43,0.0,NORMAL,100,100.0%
15:09:33.738,0.44,0.0,NORMAL,100,100.0%
15:09:33.804,0.44,0.0,NORMAL,100,100.0%
15:09:33.852,0.45,0.0,NORMAL,100,100.0%
15:09:33.908,0.44,0.0,NORMAL,100,100.0%
15:09:33.960,0.43,0.0,NORMAL,100,100.0%
15:09:34.010,0.43,1.22,NORMAL,100,100.0%
15:09:34.067,0.44,10.49,NORMAL,30,59.0%
15:09:34.104,0.43,21.46,NORMAL,30,59.0%
15:09:34.157,0.45,18.52,HAZARD,30,59.0%
15:09:34.210,0.43,11.43,HAZARD,30,59.0%
15:09:34.269,0.43,27.53,HAZARD,30,59.0%
15:09:34.321,0.43,40.3,HAZARD,30,59.0%
15:09:34.359,0.41,59.32,HAZARD,30,59.0%
15:09:34.403,0.44,30.22,HAZARD,30,59.0%
15:09:34.443,0.42,89.33,HAZARD,30,59.0%
15:09:34.505,0.45,48.13,HAZARD,30,59.0%
15:09:34.559,0.42,38.01,HAZARD,30,56.0%
15:09:34.605,0.43,66.14,HAZARD,30,59.0%
15:09:34.652,0.43,14.15,HAZARD,30,59.0%
15:09:34.709,0.43,3.96,HAZARD,30,59.0%
15:09:34.777,0.44,13.24,HAZARD,30,59.0%
15:09:34.853,0.43,32.18,HAZARD,30,59.0%
15:09:35.304,0.43,33.67,HAZARD,30,59.0%
15:09:35.695,0.41,17.54,HAZARD,30,59.0%
15:09:35.820,0.43,90.94,HAZARD,30,59.0%
15:09:35.869,0.42,83.3,HAZARD,30,59.0%
15:09:35.929,0.43,2.07,HAZARD,30,41.0%
15:09:36.006,0.42,0.0,HAZARD,100,100.0%
15:09:36.060,0.43,0.0,HAZARD,100,100.0%
15:09:36.141,0.42,0.0,NORMAL,100,100.0%
15:09:36.204,0.43,0.0,NORMAL,100,100.0%
15:09:36.254,0.42,0.0,NORMAL,100,100.0%
15:09:36.332,0.42,6.89,NORMAL,30,59.0%
15:09:36.411,0.42,9.21,NORMAL,30,59.0%
15:09:36.675,0.42,11.78,HAZARD,30,59.0%
15:09:36.787,0.43,21.54,HAZARD,30,59.0%
15:09:36.844,0.43,116.09,HAZARD,30,59.0%
15:09:36.892,0.43,41.34,HAZARD,30,59.0%
15:09:36.954,0.43,45.06,HAZARD,30,59.0%
15:09:37.008,0.43,45.84,HAZARD,30,59.0%
15:09:37.057,0.43,22.77,HAZARD,30,59.0%
15:09:37.129,0.42,17.12,HAZARD,30,59.0%
15:09:37.189,0.43,83.09,HAZARD,30,59.0%
15:09:37.238,0.43,104.05,HAZARD,30,59.0%
15:09:37.288,0.41,88.21,HAZARD,30,59.0%
15:09:37.340,0.44,33.45,HAZARD,30,59.0%
15:09:37.399,0.43,0.64,HAZARD,100,100.0%
15:09:37.463,0.42,24.31,HAZARD,30,59.0%
15:09:37.513,0.43,147.56,HAZARD,30,59.0%
15:09:37.561,0.42,98.89,HAZARD,30,59.0%
15:09:37.618,0.43,142.45,HAZARD,30,59.0%
15:09:37.674,0.43,116.82,HAZARD,30,59.0%
15:09:37.725,0.42,56.64,HAZARD,30,59.0%
15:09:37.778,0.42,126.27,HAZARD,30,59.0%
15:09:37.838,0.42,68.3,HAZARD,30,59.0%
15:09:37.890,0.41,150.24,HAZARD,30,59.0%
15:09:37.941,0.43,32.34,HAZARD,30,59.0%
15:09:37.996,0.42,115.03,HAZARD,30,59.0%
15:09:38.059,0.43,60.6,HAZARD,30,59.0%
15:09:38.104,0.43,90.14,HAZARD,30,59.0%
15:09:38.145,0.42,28.77,HAZARD,30,59.0%
15:09:38.204,0.41,80.69,HAZARD,30,59.0%
15:09:39.088,0.42,63.59,HAZARD,30,59.0%
15:09:39.143,0.42,30.75,HAZARD,30,59.0%
15:09:39.206,0.43,217.69,HAZARD,30,59.0%
15:09:39.267,0.42,61.2,HAZARD,30,59.0%
15:09:39.330,0.44,26.92,HAZARD,30,59.0%
15:09:39.393,0.41,0.0,HAZARD,100,100.0%
15:09:39.462,0.41,0.0,HAZARD,100,100.0%
15:09:39.523,0.41,39.48,HAZARD,30,59.0%
15:09:39.588,0.42,36.92,HAZARD,30,59.0%
15:09:39.644,0.42,27.4,HAZARD,30,59.0%
15:09:39.743,0.42,64.8,HAZARD,30,59.0%
15:09:39.796,0.43,20.56,HAZARD,30,59.0%
15:09:39.868,0.42,186.18,HAZARD,30,59.0%
15:09:39.922,0.41,220.53,HAZARD,30,59.0%
15:09:39.990,0.42,220.56,HAZARD,30,59.0%
15:09:40.056,0.42,162.18,HAZARD,30,59.0%
15:09:40.123,0.43,105.53,HAZARD,30,59.0%
15:09:40.205,0.41,212.01,HAZARD,30,59.0%
15:09:40.262,0.41,153.87,HAZARD,30,59.0%
15:09:40.330,0.42,128.46,HAZARD,30,59.0%
15:09:40.395,0.41,126.51,HAZARD,30,59.0%
15:09:40.441,0.42,168.06,HAZARD,30,59.0%
15:09:40.494,0.42,280.81,HAZARD,30,59.0%
15:09:40.544,0.42,58.5,HAZARD,30,59.0%
15:09:40.607,0.41,120.53,HAZARD,30,59.0%
15:09:40.657,0.41,165.49,HAZARD,30,59.0%
15:09:40.713,0.45,237.94,HAZARD,30,59.0%
15:09:40.786,0.42,207.74,HAZARD,30,56.0%
15:09:40.844,0.42,189.55,HAZARD,30,59.0%
15:09:40.897,0.41,152.05,HAZARD,30,59.0%
15:09:40.971,0.42,218.09,HAZARD,30,59.0%
15:09:41.029,0.42,210.77,HAZARD,30,59.0%
15:09:41.108,0.42,217.68,HAZARD,30,59.0%
15:09:41.160,0.41,191.66,HAZARD,30,59.0%
15:09:41.212,0.42,194.06,HAZARD,30,59.0%
15:09:41.344,0.41,83.06,HAZARD,30,59.0%
15:09:41.409,0.42,219.99,HAZARD,30,59.0%
15:09:41.459,0.42,249.42,HAZARD,30,59.0%
15:09:41.513,0.42,198.15,HAZARD,30,59.0%
15:09:42.069,0.42,222.01,HAZARD,30,59.0%
15:09:42.346,0.42,264.96,HAZARD,30,59.0%
15:09:42.410,0.42,203.47,HAZARD,30,59.0%
15:09:42.458,0.42,205.74,HAZARD,30,59.0%
15:09:42.508,0.42,200.8,HAZARD,30,59.0%
15:09:42.562,0.42,127.29,HAZARD,30,59.0%
15:09:42.626,0.42,108.35,HAZARD,30,59.0%
15:09:42.677,0.42,179.55,HAZARD,30,59.0%
15:09:42.728,0.42,112.05,HAZARD,30,59.0%
15:09:42.788,0.42,95.21,HAZARD,30,59.0%
15:09:42.841,0.42,20.63,HAZARD,30,59.0%
15:09:42.894,0.41,80.87,HAZARD,30,59.0%
15:09:42.961,0.42,137.04,HAZARD,30,59.0%
15:09:43.027,0.43,18.89,HAZARD,30,59.0%
15:09:43.091,0.42,52.12,HAZARD,30,59.0%
15:09:43.246,0.43,14.65,HAZARD,30,59.0%
15:09:43.306,0.41,23.26,HAZARD,30,59.0%
15:09:43.378,0.41,220.47,HAZARD,30,59.0%
15:09:43.429,0.41,165.76,HAZARD,30,59.0%
15:09:43.495,0.41,150.25,HAZARD,30,59.0%
15:09:43.553,0.41,157.62,HAZARD,30,59.0%
15:09:43.626,0.42,77.94,HAZARD,30,59.0%
15:09:43.682,0.42,45.19,HAZARD,30,59.0%
15:09:43.742,0.42,12.22,HAZARD,30,59.0%
15:09:43.808,0.41,170.26,HAZARD,30,59.0%
15:09:43.861,0.41,142.59,HAZARD,30,59.0%
15:09:43.921,0.41,120.05,HAZARD,30,59.0%
15:09:43.980,0.42,47.35,HAZARD,30,59.0%
15:09:44.044,0.41,138.69,HAZARD,30,59.0%
15:09:44.091,0.42,170.53,HAZARD,30,59.0%
15:09:44.152,0.4,21.01,HAZARD,30,59.0%
15:09:44.218,0.43,53.42,HAZARD,30,59.0%
15:09:44.482,0.42,169.2,HAZARD,30,59.0%
15:09:44.535,0.41,197.33,HAZARD,30,59.0%
15:09:44.606,0.42,268.57,HAZARD,30,59.0%
15:09:45.476,0.42,132.34,HAZARD,30,59.0%
15:09:45.653,0.41,90.3,HAZARD,30,59.0%
15:09:45.702,0.41,255.3,HAZARD,30,59.0%
15:09:45.755,0.41,131.84,HAZARD,30,59.0%
15:09:45.809,0.41,75.0,HAZARD,30,59.0%
15:09:45.860,0.42,80.68,HAZARD,30,59.0%
15:09:46.020,0.42,106.73,HAZARD,30,59.0%
15:09:46.076,0.42,76.84,HAZARD,30,59.0%
15:09:46.130,0.42,125.36,HAZARD,30,59.0%
15:09:46.187,0.41,33.38,HAZARD,30,59.0%
15:09:46.238,0.41,86.37,HAZARD,30,59.0%
15:09:46.288,0.41,107.42,HAZARD,30,59.0%
15:09:46.341,0.42,100.33,HAZARD,30,59.0%
15:09:46.403,0.41,133.71,HAZARD,30,59.0%
15:09:46.454,0.41,68.38,HAZARD,30,59.0%
15:09:46.507,0.42,119.76,HAZARD,30,59.0%
15:09:46.559,0.41,127.49,HAZARD,30,59.0%
15:09:46.610,0.42,91.49,HAZARD,30,59.0%
15:09:46.758,0.41,138.44,HAZARD,30,59.0%
15:09:46.826,0.42,80.98,HAZARD,30,59.0%
15:09:46.893,0.42,208.91,HAZARD,30,59.0%
15:09:46.958,0.41,35.91,HAZARD,30,59.0%
15:09:47.020,0.41,66.71,HAZARD,30,59.0%
15:09:47.076,0.41,31.95,HAZARD,30,59.0%
15:09:47.132,0.41,0.0,HAZARD,100,100.0%
15:09:47.195,0.41,12.49,HAZARD,30,59.0%
15:09:47.356,0.43,10.47,HAZARD,30,59.0%
15:09:47.424,0.42,42.83,HAZARD,30,59.0%
15:09:47.475,0.41,71.86,HAZARD,30,59.0%
15:09:47.661,0.41,115.76,HAZARD,30,59.0%
15:09:47.712,0.41,100.31,HAZARD,30,59.0%
15:09:47.778,0.4,253.86,HAZARD,30,59.0%
15:09:47.938,0.35,102.73,HAZARD,30,56.0%
15:09:48.013,0.35,128.53,HAZARD,30,59.0%
15:09:48.296,0.42,145.45,HAZARD,30,59.0%
15:09:48.360,0.41,38.43,HAZARD,30,59.0%
15:09:48.778,0.41,78.99,HAZARD,30,59.0%
15:09:49.237,0.4,46.86,HAZARD,30,59.0%
15:09:49.290,0.4,258.79,HAZARD,30,59.0%
15:09:49.341,0.42,216.09,HAZARD,30,59.0%
15:09:49.406,0.41,30.96,HAZARD,30,59.0%
15:09:49.459,0.41,46.0,HAZARD,30,59.0%
15:09:49.512,0.41,77.97,HAZARD,30,59.0%
15:09:49.574,0.41,154.96,HAZARD,30,59.0%
15:09:49.636,0.42,138.61,HAZARD,30,59.0%
15:09:49.695,0.4,222.76,HAZARD,30,59.0%
15:09:49.758,0.42,134.93,HAZARD,30,59.0%
15:09:49.894,0.41,137.5,HAZARD,30,59.0%
15:09:49.960,0.41,72.72,HAZARD,30,59.0%
15:09:50.023,0.41,97.06,HAZARD,30,59.0%
15:09:50.590,0.41,0.0,HAZARD,100,100.0%
15:09:50.652,0.41,0.0,HAZARD,100,100.0%
15:09:50.704,0.41,200.96,HAZARD,30,59.0%
15:09:50.766,0.41,33.18,HAZARD,30,59.0%
15:09:50.827,0.41,24.3,HAZARD,30,59.0%
15:09:50.879,0.4,4.54,HAZARD,30,59.0%
15:09:50.940,0.4,19.46,HAZARD,30,59.0%
15:09:51.004,0.41,0.52,HAZARD,100,100.0%
15:09:51.059,0.41,2.94,HAZARD,30,58.0%
15:09:51.110,0.41,4.56,HAZARD,30,59.0%
15:09:51.161,0.41,0.77,HAZARD,100,100.0%
15:09:51.221,0.42,0.0,NORMAL,100,100.0%
15:09:51.273,0.41,1.46,NORMAL,100,61.0%
15:09:51.325,0.4,0.0,NORMAL,100,100.0%
15:09:51.385,0.42,0.62,NORMAL,100,100.0%
15:09:51.436,0.4,0.0,NORMAL,100,100.0%
15:09:51.491,0.41,41.05,NORMAL,30,59.0%
15:09:51.552,0.41,91.58,NORMAL,30,59.0%
15:09:51.612,0.4,109.9,HAZARD,30,59.0%
15:09:51.671,0.42,56.74,HAZARD,30,59.0%
15:09:51.729,0.41,0.52,HAZARD,100,100.0%
15:09:51.805,0.4,1.38,HAZARD,100,100.0%
15:09:51.989,0.4,3.6,HAZARD,30,59.0%
15:09:52.058,0.41,0.0,NORMAL,100,100.0%
15:09:52.106,0.4,12.08,NORMAL,30,59.0%
15:09:52.153,0.41,21.68,HAZARD,30,59.0%
15:09:53.074,0.41,0.0,HAZARD,100,100.0%
15:09:53.424,0.42,0.0,NORMAL,100,100.0%
15:09:53.559,0.41,262.97,HAZARD,30,59.0%
15:09:53.611,0.4,250.81,HAZARD,30,59.0%
15:09:53.669,0.42,112.5,HAZARD,30,59.0%
15:09:53.719,0.41,83.71,HAZARD,30,59.0%
15:09:53.773,0.41,43.62,HAZARD,30,59.0%
15:09:53.827,0.4,53.49,HAZARD,30,59.0%
15:09:53.877,0.41,115.34,HAZARD,30,59.0%
15:09:53.940,0.4,89.92,HAZARD,30,59.0%
15:09:53.995,0.4,50.28,HAZARD,30,59.0%
15:09:54.075,0.41,14.24,HAZARD,30,59.0%
15:09:54.124,0.41,9.32,HAZARD,30,59.0%
15:09:54.179,0.42,4.32,HAZARD,30,59.0%
15:09:54.244,0.41,0.0,HAZARD,100,100.0%
15:09:54.309,0.41,6.0,HAZARD,30,59.0%
15:09:54.371,0.41,26.61,HAZARD,30,59.0%
15:09:54.424,0.4,9.32,HAZARD,30,59.0%
15:09:54.474,0.41,0.69,HAZARD,100,100.0%
15:09:54.559,0.41,0.0,HAZARD,100,100.0%
15:09:54.625,0.4,27.58,HAZARD,30,59.0%
15:09:54.684,0.41,15.63,HAZARD,30,59.0%
15:09:54.741,0.41,15.76,HAZARD,30,59.0%
15:09:54.807,0.4,23.52,HAZARD,30,59.0%
15:09:54.868,0.42,10.56,HAZARD,30,59.0%
15:09:54.924,0.41,28.07,HAZARD,30,59.0%
15:09:55.106,0.42,6.8,HAZARD,30,59.0%
15:09:55.165,0.39,6.9,HAZARD,30,56.0%
15:09:55.239,0.4,11.77,HAZARD,30,59.0%
15:09:55.292,0.41,7.99,HAZARD,30,59.0%
15:09:55.344,0.4,10.91,HAZARD,30,59.0%
15:09:55.421,0.4,17.69,HAZARD,30,59.0%
15:09:55.477,0.41,21.41,HAZARD,30,59.0%
15:09:55.650,0.38,2.53,HAZARD,30,49.0%
15:09:55.706,0.38,9.55,HAZARD,30,59.0%
15:09:55.756,0.41,51.91,HAZARD,30,59.0%
15:09:55.910,0.4,26.74,HAZARD,30,59.0%
15:09:55.974,0.4,13.21,HAZARD,30,59.0%
15:09:56.050,0.4,25.94,HAZARD,30,59.0%
15:09:56.210,0.4,19.38,HAZARD,30,59.0%
15:09:56.348,0.42,48.24,HAZARD,30,59.0%
15:09:57.225,0.41,77.61,HAZARD,30,59.0%
15:09:57.376,0.41,98.49,HAZARD,30,59.0%
15:09:57.450,0.4,99.26,HAZARD,30,59.0%
15:09:57.498,0.4,82.82,HAZARD,30,59.0%
15:09:57.556,0.41,7.26,HAZARD,30,59.0%
15:09:57.612,0.4,88.76,HAZARD,30,59.0%
15:09:57.667,0.4,107.33,HAZARD,30,59.0%
15:09:57.734,0.42,136.95,HAZARD,30,59.0%
15:09:57.807,0.41,99.12,HAZARD,30,59.0%
15:09:57.874,0.4,106.36,HAZARD,30,59.0%
15:09:57.933,0.39,148.18,HAZARD,30,59.0%
15:09:57.993,0.41,121.33,HAZARD,30,59.0%
15:09:58.060,0.42,146.25,HAZARD,30,59.0%
15:09:58.139,0.41,113.15,HAZARD,30,59.0%
15:09:58.207,0.41,89.33,HAZARD,30,59.0%
15:09:58.268,0.41,80.26,HAZARD,30,59.0%
15:09:58.457,0.41,146.04,HAZARD,30,59.0%
15:09:58.602,0.41,149.95,HAZARD,30,59.0%
15:09:58.659,0.41,223.52,HAZARD,30,59.0%
15:09:58.719,0.4,241.3,HAZARD,30,59.0%
15:09:58.773,0.4,192.05,HAZARD,30,59.0%
15:09:58.834,0.42,143.2,HAZARD,30,59.0%
15:09:58.895,0.41,183.39,HAZARD,30,59.0%
15:09:58.956,0.4,169.67,HAZARD,30,59.0%
15:09:59.019,0.4,257.17,HAZARD,30,59.0%
15:09:59.075,0.4,252.24,HAZARD,30,59.0%
15:09:59.137,0.4,178.09,HAZARD,30,59.0%
15:09:59.203,0.43,109.83,HAZARD,30,59.0%
15:09:59.249,0.48,259.45,HAZARD,30,59.0%
15:09:59.435,0.45,196.33,HAZARD,30,56.0%
15:09:59.493,0.4,186.45,HAZARD,30,56.0%
15:09:59.543,0.4,242.35,HAZARD,30,59.0%
15:09:59.606,0.4,178.13,HAZARD,30,59.0%
15:09:59.659,0.39,201.46,HAZARD,30,59.0%
15:09:59.717,0.4,150.09,HAZARD,30,59.0%
15:09:59.772,0.41,157.34,HAZARD,30,59.0%
15:09:59.942,0.4,167.26,HAZARD,30,59.0%
15:10:00.306,0.41,147.87,HAZARD,30,59.0%
15:10:00.708,0.4,281.42,HAZARD,30,59.0%
15:10:01.846,0.41,279.54,HAZARD,30,59.0%
15:10:02.074,0.41,280.37,HAZARD,30,59.0%
15:10:02.129,0.39,305.64,HAZARD,30,59.0%
15:10:02.192,0.4,99.86,HAZARD,30,59.0%
15:10:02.248,0.4,9.25,HAZARD,30,59.0%
15:10:02.302,0.41,11.71,HAZARD,30,59.0%
15:10:02.350,0.41,0.0,HAZARD,100,100.0%
15:10:02.404,0.4,0.0,HAZARD,100,100.0%
15:10:02.456,0.4,0.0,NORMAL,100,100.0%
15:10:02.509,0.39,0.0,NORMAL,100,100.0%
15:10:02.561,0.36,0.0,NORMAL,100,100.0%
15:10:02.621,0.42,0.0,NORMAL,100,100.0%
15:10:02.670,0.39,0.0,NORMAL,100,100.0%
15:10:02.718,0.4,0.0,NORMAL,100,100.0%
15:10:02.773,0.39,0.0,NORMAL,100,100.0%
15:10:02.838,0.4,0.0,NORMAL,100,100.0%
15:10:02.918,0.4,0.0,NORMAL,100,100.0%
15:10:02.984,0.4,0.0,NORMAL,100,100.0%
15:10:03.035,0.4,0.0,NORMAL,100,100.0%
15:10:03.093,0.39,0.0,NORMAL,100,100.0%
15:10:03.143,0.4,0.0,NORMAL,100,100.0%
15:10:03.197,0.4,0.0,NORMAL,100,100.0%
15:10:03.243,0.4,0.0,NORMAL,100,100.0%
15:10:03.302,0.4,0.0,NORMAL,100,100.0%
15:10:03.355,0.39,0.0,NORMAL,100,100.0%
15:10:03.421,0.39,0.0,NORMAL,100,100.0%
15:10:03.473,0.4,0.0,NORMAL,100,100.0%
15:10:03.524,0.4,0.0,NORMAL,100,100.0%
15:10:03.584,0.39,0.0,NORMAL,100,100.0%
15:10:03.636,0.4,0.0,NORMAL,100,100.0%
15:10:03.681,0.4,0.0,NORMAL,100,100.0%
15:10:03.739,0.39,0.0,NORMAL,100,100.0%
15:10:03.800,0.4,0.0,NORMAL,100,100.0%
15:10:03.845,0.4,0.0,NORMAL,100,100.0%
15:10:03.905,0.39,0.0,NORMAL,100,100.0%
15:10:03.957,0.39,0.0,NORMAL,100,100.0%
15:10:04.018,0.4,0.0,NORMAL,100,100.0%
15:10:04.073,0.39,0.0,NORMAL,100,100.0%
15:10:04.121,0.4,0.0,NORMAL,100,100.0%
15:10:04.174,0.39,0.0,NORMAL,100,100.0%
15:10:04.239,0.34,0.0,NORMAL,100,100.0%
15:10:04.291,0.4,0.0,NORMAL,100,100.0%
15:10:04.343,0.39,0.0,NORMAL,100,100.0%
15:10:04.769,0.39,0.0,NORMAL,100,100.0%
15:10:05.623,0.39,0.0,NORMAL,100,100.0%
15:10:05.983,0.4,0.0,NORMAL,100,100.0%
15:10:06.238,0.39,0.0,NORMAL,100,100.0%
15:10:06.288,0.38,0.0,NORMAL,100,100.0%
15:10:06.340,0.4,0.0,NORMAL,100,100.0%
15:10:06.401,0.39,0.0,NORMAL,100,100.0%
15:10:06.453,0.36,0.0,NORMAL,100,100.0%
15:10:06.502,0.39,0.0,NORMAL,100,100.0%
15:10:06.555,0.38,0.0,NORMAL,100,100.0%
15:10:06.618,0.39,0.0,NORMAL,100,100.0%
15:10:06.664,0.39,0.0,NORMAL,100,100.0%
15:10:06.708,0.39,0.0,NORMAL,100,100.0%
15:10:06.757,0.38,0.0,NORMAL,100,100.0%
15:10:06.810,0.38,0.0,NORMAL,100,100.0%
15:10:06.870,0.39,0.0,NORMAL,100,100.0%
15:10:06.926,0.4,0.0,NORMAL,100,100.0%
15:10:06.976,0.4,0.0,NORMAL,100,100.0%
15:10:07.035,0.38,0.0,NORMAL,100,100.0%
15:10:07.084,0.39,0.0,NORMAL,100,100.0%
15:10:07.137,0.39,0.0,NORMAL,100,100.0%
15:10:07.194,0.38,0.0,NORMAL,100,100.0%
15:10:07.259,0.37,0.0,NORMAL,100,100.0%
15:10:07.308,0.36,0.0,NORMAL,100,100.0%
15:10:07.358,0.38,0.0,NORMAL,100,100.0%
15:10:07.414,0.38,0.0,NORMAL,100,100.0%
15:10:07.460,0.4,0.0,NORMAL,100,100.0%
15:10:07.511,0.41,0.0,NORMAL,100,100.0%
15:10:07.578,0.41,0.0,NORMAL,100,100.0%
15:10:07.651,0.37,0.0,NORMAL,100,100.0%
15:10:07.706,0.38,0.0,NORMAL,100,100.0%
15:10:07.755,0.38,0.0,NORMAL,100,100.0%
15:10:07.895,0.39,0.0,NORMAL,100,100.0%
15:10:07.947,0.37,0.0,NORMAL,100,100.0%
15:10:08.018,0.37,0.0,NORMAL,100,100.0%
15:10:08.069,0.38,0.0,NORMAL,100,100.0%
15:10:08.111,0.39,0.0,NORMAL,100,100.0%
15:10:08.173,0.35,0.0,NORMAL,100,100.0%
15:10:08.228,0.38,0.0,NORMAL,100,100.0%
15:10:08.288,0.39,0.0,NORMAL,100,100.0%
15:10:08.337,0.38,0.0,NORMAL,100,100.0%
15:10:08.399,0.36,0.0,NORMAL,100,100.0%
15:10:08.440,0.36,0.0,NORMAL,100,100.0%
15:10:08.490,0.39,0.0,NORMAL,100,100.0%
15:10:08.535,0.38,0.0,NORMAL,100,100.0%
15:10:08.589,0.38,0.0,NORMAL,100,100.0%
15:10:08.657,0.35,0.0,NORMAL,100,100.0%
15:10:08.702,0.37,0.0,NORMAL,100,100.0%
15:10:08.753,0.37,0.0,NORMAL,100,100.0%
15:10:08.809,0.38,0.0,NORMAL,100,100.0%
15:10:09.477,0.37,0.0,NORMAL,100,100.0%
15:10:09.681,0.36,0.0,NORMAL,100,100.0%
15:10:09.738,0.37,0.0,NORMAL,100,100.0%
15:10:09.812,0.39,0.0,NORMAL,100,100.0%
15:10:09.870,0.38,0.0,NORMAL,100,100.0%
15:10:09.921,0.39,0.0,NORMAL,100,100.0%
15:10:09.977,0.36,0.0,NORMAL,100,100.0%
15:10:10.040,0.37,0.0,NORMAL,100,100.0%
15:10:10.088,0.36,0.0,NORMAL,100,100.0%
15:10:10.133,0.38,0.0,NORMAL,100,100.0%
15:10:10.200,0.36,0.0,NORMAL,100,100.0%
15:10:10.240,0.39,0.0,NORMAL,100,100.0%
15:10:10.291,0.37,0.0,NORMAL,100,100.0%
15:10:10.342,0.32,0.0,NORMAL,100,100.0%
15:10:10.401,0.35,0.0,NORMAL,100,100.0%
15:10:10.454,0.37,0.0,NORMAL,100,100.0%
15:10:10.504,0.35,0.0,NORMAL,100,100.0%
15:10:10.568,0.37,0.0,NORMAL,100,100.0%
15:10:10.628,0.4,0.0,NORMAL,100,100.0%
15:10:10.784,0.39,0.0,NORMAL,100,100.0%
15:10:10.874,0.36,0.0,NORMAL,100,100.0%
15:10:10.939,0.36,0.0,NORMAL,100,100.0%
15:10:11.002,0.37,0.0,NORMAL,100,100.0%
15:10:11.059,0.37,0.0,NORMAL,100,100.0%
15:10:11.119,0.36,0.0,NORMAL,100,100.0%
15:10:11.317,0.37,0.0,NORMAL,100,100.0%
15:10:11.620,0.39,0.0,NORMAL,100,100.0%
15:10:11.922,0.39,0.0,NORMAL,100,100.0%
15:10:12.202,0.42,0.0,NORMAL,100,100.0%
15:10:12.240,0.38,0.0,NORMAL,100,100.0%
15:10:12.287,0.42,0.0,NORMAL,100,100.0%
15:10:12.339,0.36,0.0,NORMAL,100,95.0%
15:10:12.411,0.33,0.0,NORMAL,100,100.0%
15:10:12.464,0.38,0.0,NORMAL,100,100.0%
15:10:12.518,0.38,0.0,NORMAL,100,100.0%
15:10:12.569,0.39,0.0,NORMAL,100,100.0%
15:10:12.623,0.46,0.0,NORMAL,100,100.0%
15:10:12.673,0.45,0.0,NORMAL,100,100.0%
15:10:12.719,0.41,0.0,NORMAL,100,100.0%
15:10:12.765,0.37,0.0,NORMAL,100,100.0%
15:10:12.819,0.24,0.0,NORMAL,100,87.0%
15:10:12.876,0.38,0.0,NORMAL,100,100.0%
15:10:12.934,0.28,0.0,NORMAL,100,94.0%
15:10:12.985,0.36,0.0,NORMAL,100,100.0%
15:10:13.573,0.36,0.0,NORMAL,100,100.0%
15:10:13.872,0.35,0.0,NORMAL,100,100.0%
15:10:13.924,0.37,0.0,NORMAL,100,100.0%
15:10:13.978,0.38,0.0,NORMAL,100,100.0%
15:10:14.037,0.38,0.0,NORMAL,100,100.0%
15:10:14.088,0.37,0.0,NORMAL,100,100.0%
15:10:14.137,0.37,0.0,NORMAL,100,100.0%
15:10:14.192,0.37,0.0,NORMAL,100,100.0%
15:10:14.259,0.37,0.0,NORMAL,100,100.0%
15:10:14.334,0.37,0.0,NORMAL,100,100.0%
15:10:14.387,0.35,0.0,NORMAL,100,100.0%
15:10:14.436,0.37,0.0,NORMAL,100,100.0%
15:10:14.483,0.37,0.0,NORMAL,100,100.0%
15:10:14.538,0.37,0.0,NORMAL,100,100.0%
15:10:14.590,0.37,0.0,NORMAL,100,100.0%
15:10:14.642,0.38,0.0,NORMAL,100,100.0%
15:10:14.690,0.4,0.0,NORMAL,100,100.0%
15:10:14.737,0.39,0.0,NORMAL,100,100.0%
15:10:14.794,0.38,0.0,NORMAL,100,100.0%
15:10:14.853,0.37,0.0,NORMAL,100,100.0%
15:10:14.905,0.38,0.0,NORMAL,100,100.0%
15:10:14.973,0.37,0.0,NORMAL,100,100.0%
15:10:15.044,0.36,0.0,NORMAL,100,100.0%
15:10:15.100,0.37,0.0,NORMAL,100,100.0%
15:10:15.155,0.37,0.0,NORMAL,100,100.0%
15:10:15.207,0.37,0.0,NORMAL,100,100.0%
15:10:15.272,0.36,0.0,NORMAL,100,100.0%
15:10:15.325,0.37,0.0,NORMAL,100,100.0%
15:10:15.377,0.37,0.0,NORMAL,100,100.0%
15:10:15.439,0.37,0.0,NORMAL,100,100.0%
15:10:15.494,0.41,0.0,NORMAL,100,100.0%
15:10:15.556,0.42,0.0,NORMAL,100,100.0%
15:10:15.619,0.37,0.0,NORMAL,100,100.0%
15:10:15.668,0.34,0.0,NORMAL,100,100.0%
15:10:15.717,0.33,0.0,NORMAL,100,100.0%
15:10:15.773,0.31,0.0,NORMAL,100,100.0%
15:10:15.835,0.41,0.0,NORMAL,100,100.0%
15:10:15.883,0.39,0.0,NORMAL,100,100.0%
15:10:15.940,0.32,0.0,NORMAL,100,95.0%
15:10:15.999,0.37,0.0,NORMAL,100,100.0%
15:10:16.054,0.37,0.0,NORMAL,100,100.0%
15:10:16.094,0.38,0.0,NORMAL,100,100.0%
15:10:16.155,0.38,0.0,NORMAL,100,100.0%
15:10:16.291,0.36,0.0,NORMAL,100,100.0%
15:10:16.341,0.37,0.0,NORMAL,100,100.0%
15:10:16.539,0.37,0.0,NORMAL,100,100.0%
15:10:16.606,0.36,0.0,NORMAL,100,100.0%
15:10:16.653,0.38,0.0,NORMAL,100,100.0%
15:10:16.700,0.36,0.0,NORMAL,100,100.0%
15:10:16.742,0.38,0.0,NORMAL,100,100.0%
15:10:16.802,0.38,0.0,NORMAL,100,100.0%
15:10:17.485,0.39,0.0,NORMAL,100,100.0%
15:10:17.785,0.39,0.0,NORMAL,100,100.0%
15:10:17.835,0.39,134.39,NORMAL,30,59.0%
15:10:17.892,0.35,236.61,NORMAL,30,56.0%
15:10:17.944,0.34,136.28,HAZARD,30,59.0%
15:10:18.009,0.4,208.34,HAZARD,30,59.0%
15:10:18.064,0.46,186.03,HAZARD,30,59.0%
15:10:18.120,0.37,177.0,HAZARD,30,57.0%
15:10:18.175,0.36,100.12,HAZARD,30,59.0%
15:10:18.259,0.33,256.68,HAZARD,30,56.0%
15:10:18.308,0.37,242.43,HAZARD,30,59.0%
15:10:18.364,0.38,173.2,HAZARD,30,59.0%
15:10:18.426,0.37,244.84,HAZARD,30,59.0%
15:10:18.569,0.35,253.49,HAZARD,30,59.0%
15:10:18.636,0.35,180.28,HAZARD,30,59.0%
15:10:18.700,0.37,115.39,HAZARD,30,59.0%
15:10:18.857,0.37,45.39,HAZARD,30,59.0%
15:10:18.919,0.37,129.54,HAZARD,30,59.0%
15:10:19.000,0.36,163.0,HAZARD,30,59.0%
15:10:19.072,0.35,102.82,HAZARD,30,59.0%
15:10:19.122,0.36,123.97,HAZARD,30,59.0%
15:10:19.220,0.37,79.42,HAZARD,30,59.0%
15:10:19.273,0.37,100.81,HAZARD,30,59.0%
15:10:19.325,0.37,51.62,HAZARD,30,59.0%
15:10:19.401,0.36,19.3,HAZARD,30,59.0%
15:10:19.453,0.38,17.58,HAZARD,30,59.0%
15:10:19.509,0.36,2.42,HAZARD,30,41.0%
15:10:19.570,0.36,29.32,HAZARD,30,59.0%
15:10:19.634,0.36,60.72,HAZARD,30,59.0%
15:10:19.687,0.36,72.71,HAZARD,30,59.0%
15:10:19.739,0.36,47.01,HAZARD,30,59.0%
15:10:19.806,0.37,18.17,HAZARD,30,59.0%
15:10:19.855,0.36,28.03,HAZARD,30,59.0%
15:10:19.908,0.37,69.99,HAZARD,30,59.0%
15:10:20.774,0.36,44.7,HAZARD,30,59.0%
15:10:22.202,0.36,65.89,HAZARD,30,59.0%
15:10:22.375,0.37,273.95,HAZARD,30,59.0%
15:10:22.438,0.36,301.25,HAZARD,30,59.0%
15:10:22.492,0.36,238.09,HAZARD,30,59.0%
15:10:22.574,0.37,94.75,HAZARD,30,59.0%
15:10:22.850,0.37,29.27,HAZARD,30,59.0%
15:10:23.808,0.36,66.98,HAZARD,30,59.0%
15:10:23.977,0.37,97.71,HAZARD,30,59.0%
15:10:24.164,0.37,95.31,HAZARD,30,59.0%
15:10:24.277,0.37,35.95,HAZARD,30,59.0%
15:10:24.328,0.37,75.78,HAZARD,30,59.0%
15:10:24.376,0.37,104.07,HAZARD,30,59.0%
15:10:24.415,0.37,0.0,HAZARD,100,100.0%
15:10:24.464,0.37,0.52,HAZARD,100,100.0%
15:10:24.502,0.37,11.15,HAZARD,30,59.0%
15:10:24.556,0.37,0.78,NORMAL,100,100.0%
15:10:24.599,0.38,7.88,NORMAL,30,59.0%
15:10:24.639,0.37,43.65,HAZARD,30,59.0%
15:10:24.693,0.36,39.45,HAZARD,30,59.0%
15:10:24.731,0.37,34.17,HAZARD,30,59.0%
15:10:24.767,0.37,51.29,HAZARD,30,59.0%
15:10:24.807,0.37,30.34,HAZARD,30,59.0%
15:10:24.848,0.36,45.21,HAZARD,30,59.0%
15:10:24.882,0.36,72.35,HAZARD,30,59.0%
15:10:24.918,0.38,128.15,HAZARD,30,59.0%
15:10:24.960,0.37,55.66,HAZARD,30,59.0%
15:10:25.008,0.37,56.13,HAZARD,30,59.0%
15:10:25.046,0.37,65.05,HAZARD,30,59.0%
15:10:25.087,0.35,68.91,HAZARD,30,59.0%
15:10:25.130,0.37,48.68,HAZARD,30,59.0%
15:10:25.276,0.37,91.45,HAZARD,30,59.0%
15:10:25.421,0.37,57.36,HAZARD,30,59.0%
15:10:25.597,0.36,115.26,HAZARD,30,59.0%
15:10:25.732,0.37,113.71,HAZARD,30,59.0%
15:10:25.800,0.37,122.55,HAZARD,30,59.0%
15:10:25.841,0.37,142.74,HAZARD,30,59.0%
15:10:25.874,0.38,130.92,HAZARD,30,59.0%
15:10:25.923,0.37,93.57,HAZARD,30,59.0%
15:10:25.969,0.37,80.61,HAZARD,30,59.0%
15:10:26.045,0.37,53.65,HAZARD,30,59.0%
15:10:26.098,0.37,71.32,HAZARD,30,59.0%
15:10:26.136,0.37,73.48,HAZARD,30,59.0%
15:10:26.192,0.37,55.02,HAZARD,30,59.0%
15:10:26.252,0.36,53.84,HAZARD,30,59.0%
15:10:26.294,0.37,59.79,HAZARD,30,59.0%
15:10:26.345,0.37,87.62,HAZARD,30,59.0%
15:10:26.385,0.36,84.16,HAZARD,30,59.0%
15:10:26.438,0.36,72.16,HAZARD,30,59.0%
15:10:26.496,0.37,60.0,HAZARD,30,59.0%
15:10:26.651,0.36,51.66,HAZARD,30,59.0%
15:10:26.699,0.37,69.17,HAZARD,30,59.0%
15:10:26.743,0.36,125.12,HAZARD,30,59.0%
15:10:26.790,0.36,90.61,HAZARD,30,59.0%
15:10:26.834,0.37,74.92,HAZARD,30,59.0%
15:10:26.879,0.37,83.95,HAZARD,30,59.0%
15:10:26.933,0.36,100.91,HAZARD,30,59.0%
15:10:26.981,0.36,120.03,HAZARD,30,59.0%
15:10:27.030,0.37,114.24,HAZARD,30,59.0%
15:10:27.102,0.36,101.53,HAZARD,30,59.0%
15:10:27.143,0.37,68.83,HAZARD,30,59.0%
15:10:27.185,0.37,50.51,HAZARD,30,59.0%
15:10:27.242,0.37,33.24,HAZARD,30,59.0%
15:10:27.286,0.36,15.24,HAZARD,30,59.0%
15:10:27.328,0.36,18.92,HAZARD,30,59.0%
15:10:27.400,0.37,22.9,HAZARD,30,59.0%
15:10:27.436,0.37,31.38,HAZARD,30,59.0%
15:10:27.488,0.37,0.0,HAZARD,100,100.0%
15:10:27.541,0.37,0.0,HAZARD,100,100.0%
15:10:27.597,0.37,0.0,NORMAL,100,100.0%
15:10:27.632,0.36,1.63,NORMAL,60,48.0%
15:10:27.687,0.37,28.21,NORMAL,30,59.0%
15:10:27.728,0.37,48.44,NORMAL,30,59.0%
15:10:27.782,0.37,20.45,HAZARD,30,59.0%
15:10:27.851,0.38,14.63,HAZARD,30,59.0%
15:10:27.889,0.36,0.0,HAZARD,100,100.0%
15:10:27.941,0.36,1.99,HAZARD,60,39.0%
15:10:28.070,0.36,21.55,HAZARD,30,59.0%
15:10:28.249,0.37,16.38,HAZARD,30,59.0%
15:10:28.359,0.37,60.81,HAZARD,30,59.0%
15:10:28.425,0.37,1.82,HAZARD,60,45.0%
15:10:28.502,0.36,8.51,HAZARD,30,59.0%
15:10:28.549,0.37,11.26,HAZARD,30,59.0%
15:10:28.595,0.37,83.33,HAZARD,30,59.0%
15:10:28.629,0.36,103.31,HAZARD,30,59.0%
15:10:28.686,0.37,60.64,HAZARD,30,59.0%
15:10:28.739,0.37,42.83,HAZARD,30,59.0%
15:10:28.793,0.36,96.26,HAZARD,30,59.0%
15:10:28.843,0.37,21.13,HAZARD,30,59.0%
15:10:28.903,0.37,27.94,HAZARD,30,59.0%
15:10:28.946,0.37,20.15,HAZARD,30,59.0%
15:10:28.997,0.35,35.91,HAZARD,30,59.0%
15:10:29.049,0.36,6.94,HAZARD,30,59.0%
15:10:29.089,0.37,3.95,HAZARD,30,59.0%
15:10:29.140,0.36,21.59,HAZARD,30,59.0%
15:10:29.186,0.37,0.57,HAZARD,100,100.0%
15:10:29.235,0.37,2.8,HAZARD,30,58.0%
15:10:29.301,0.36,16.12,HAZARD,30,59.0%
15:10:29.348,0.37,26.12,HAZARD,30,59.0%
15:10:29.398,0.36,5.92,HAZARD,30,59.0%
15:10:29.447,0.36,9.07,HAZARD,30,59.0%
15:10:29.494,0.36,54.87,HAZARD,30,59.0%
15:10:29.544,0.37,95.17,HAZARD,30,59.0%
15:10:29.601,0.35,97.0,HAZARD,30,59.0%
