imu_now,imu_1ago,imu_2ago,imu_rate_of_change,motion_score,camera_high,label
1.0069,1.0,1.0,0.0069,0.346,0,normal
0.993,1.0069,1.0,-0.0138,1.0862,0,normal
0.9921,0.993,1.0069,-0.001,1.0049,0,normal
0.9849,0.9921,0.993,-0.0071,1.3674,0,normal
1.0077,0.9849,0.9921,0.0228,0.2307,0,normal
0.9994,1.0077,0.9849,-0.0084,1.1663,0,normal
1.0191,0.9994,1.0077,0.0198,0.031,0,normal
0.999,1.0191,0.9994,-0.0201,0.1257,0,normal
1.0009,0.999,1.0191,0.0018,0.9314,0,normal
0.995,1.0009,0.999,-0.0059,0.3217,0,normal
0.9929,0.995,1.0009,-0.0021,0.019,0,normal
0.9856,0.9929,0.995,-0.0072,0.2521,0,normal
0.996,0.9856,0.9929,0.0104,1.1528,0,normal
0.9824,0.996,0.9856,-0.0136,0.4579,0,normal
0.9972,0.9824,0.996,0.0147,1.0527,0,normal
0.9947,0.9972,0.9824,-0.0024,0.88,0,normal
0.9834,0.9947,0.9972,-0.0113,1.3566,0,normal
1.003,0.9834,0.9947,0.0195,0.8891,0,normal
0.9877,1.003,0.9834,-0.0152,0.3047,0,normal
0.984,0.9877,1.003,-0.0037,1.2622,0,normal
0.9846,0.984,0.9877,0.0006,0.9296,0,normal
1.0052,0.9846,0.984,0.0206,1.1026,0,normal
0.9929,1.0052,0.9846,-0.0123,0.3934,0,normal
1.018,0.9929,1.0052,0.025,0.6474,0,normal
0.9987,1.018,0.9929,-0.0192,0.5041,0,normal
0.9859,0.9987,1.018,-0.0128,0.7259,0,normal
0.9971,0.9859,0.9987,0.0112,1.1333,0,normal
1.0124,0.9971,0.9859,0.0153,0.678,0,normal
1.0161,1.0124,0.9971,0.0037,0.9062,0,normal
1.0093,1.0161,1.0124,-0.0069,1.1067,0,normal
1.0049,1.0093,1.0161,-0.0044,0.5245,0,normal
1.0194,1.0049,1.0093,0.0145,1.2983,0,normal
1.0041,1.0194,1.0049,-0.0153,0.6812,0,normal
0.9867,1.0041,1.0194,-0.0174,1.3659,0,normal
0.9827,0.9867,1.0041,-0.0039,0.9321,0,normal
1.0124,0.9827,0.9867,0.0297,0.1863,0,normal
1.0068,1.0124,0.9827,-0.0057,0.1324,0,normal
1.0024,1.0068,1.0124,-0.0043,1.0129,0,normal
1.0034,1.0024,1.0068,0.001,1.0839,0,normal
1.0049,1.0034,1.0024,0.0015,0.893,0,normal
1.0195,1.0049,1.0034,0.0145,1.0108,0,normal
0.986,1.0195,1.0049,-0.0335,0.3018,0,normal
0.9921,0.986,1.0195,0.0062,0.1281,0,normal
0.9858,0.9921,0.986,-0.0063,0.568,0,normal
0.9909,0.9858,0.9921,0.0052,0.4201,0,normal
0.9821,0.9909,0.9858,-0.0089,0.7769,0,normal
0.9865,0.9821,0.9909,0.0045,1.1774,0,normal
1.0132,0.9865,0.9821,0.0267,1.1381,0,normal
1.005,1.0132,0.9865,-0.0082,0.675,0,normal
1.003,1.005,1.0132,-0.002,0.7132,0,normal
1.0006,1.003,1.005,-0.0024,0.6387,0,normal
0.9926,1.0006,1.003,-0.008,0.7608,0,normal
0.9847,0.9926,1.0006,-0.008,0.5363,0,normal
1.0198,0.9847,0.9926,0.0352,0.0663,0,normal
0.9859,1.0198,0.9847,-0.034,0.2844,0,normal
1.0084,0.9859,1.0198,0.0226,0.807,0,normal
0.9884,1.0084,0.9859,-0.02,0.8144,0,normal
0.9858,0.9884,1.0084,-0.0026,1.1024,0,normal
1.0047,0.9858,0.9884,0.0189,0.6954,0,normal
0.9911,1.0047,0.9858,-0.0137,0.2855,0,normal
1.0058,0.9911,1.0047,0.0148,0.3697,0,normal
0.9842,1.0058,0.9911,-0.0216,1.251,0,normal
1.0119,0.9842,1.0058,0.0277,0.8653,0,normal
1.0095,1.0119,0.9842,-0.0024,0.4863,0,normal
0.9952,1.0095,1.0119,-0.0143,0.9918,0,normal
1.0139,0.9952,1.0095,0.0186,0.7029,0,normal
1.0055,1.0139,0.9952,-0.0083,0.5242,0,normal
1.0121,1.0055,1.0139,0.0066,1.1069,0,normal
1.0085,1.0121,1.0055,-0.0037,1.1114,0,normal
0.9966,1.0085,1.0121,-0.0119,0.3377,0,normal
1.014,0.9966,1.0085,0.0174,0.0137,0,normal
1.0114,1.014,0.9966,-0.0026,1.0157,0,normal
1.0026,1.0114,1.014,-0.0088,1.2946,0,normal
0.9815,1.0026,1.0114,-0.0211,0.7746,0,normal
1.0104,0.9815,1.0026,0.029,0.8339,0,normal
0.9896,1.0104,0.9815,-0.0209,0.55,0,normal
0.9827,0.9896,1.0104,-0.0068,0.7683,0,normal
1.3019,0.9827,0.9896,0.3192,1.6837,1,caution
1.2902,1.3019,0.9827,-0.0117,2.1687,1,caution
1.3135,1.2902,1.3019,0.0233,1.4376,0,caution
1.7813,1.3135,1.2902,0.4678,2.4053,1,caution
1.8047,1.7813,1.3135,0.0234,1.7143,1,caution
1.4824,1.8047,1.7813,-0.3223,2.3906,1,caution
1.5189,1.4824,1.8047,0.0365,2.1733,1,caution
1.2015,1.5189,1.4824,-0.3174,1.5447,1,caution
1.1829,1.2015,1.5189,-0.0186,1.3291,0,caution
1.0064,1.1829,1.2015,-0.1764,2.3757,1,caution
1.0111,1.0064,1.1829,0.0047,1.5568,1,caution
0.9918,1.0111,1.0064,-0.0194,0.7065,0,normal
1.0156,0.9918,1.0111,0.0239,0.1826,0,normal
0.9955,1.0156,0.9918,-0.0201,0.0802,0,normal
0.9958,0.9955,1.0156,0.0003,0.8198,0,normal
1.0118,0.9958,0.9955,0.016,0.2385,0,normal
1.0116,1.0118,0.9958,-0.0002,0.809,0,normal
0.9858,1.0116,1.0118,-0.0258,1.2157,0,normal
0.9831,0.9858,1.0116,-0.0027,0.6742,0,normal
0.9953,0.9831,0.9858,0.0122,0.8542,0,normal
1.0164,0.9953,0.9831,0.0211,0.5592,0,normal
1.006,1.0164,0.9953,-0.0103,1.3992,0,normal
1.0101,1.006,1.0164,0.0041,1.351,0,normal
0.9827,1.0101,1.006,-0.0274,0.0695,0,normal
1.006,0.9827,1.0101,0.0233,0.3625,0,normal
0.9935,1.006,0.9827,-0.0125,0.7336,0,normal
0.992,0.9935,1.006,-0.0015,0.3274,0,normal
0.9959,0.992,0.9935,0.0039,0.8432,0,normal
0.9929,0.9959,0.992,-0.003,1.1914,0,normal
0.9858,0.9929,0.9959,-0.0071,1.2932,0,normal
0.9926,0.9858,0.9929,0.0068,0.9189,0,normal
0.986,0.9926,0.9858,-0.0066,0.2498,0,normal
0.9825,0.986,0.9926,-0.0035,0.943,0,normal
0.9932,0.9825,0.986,0.0108,0.1263,0,normal
1.0103,0.9932,0.9825,0.0171,0.962,0,normal
1.0195,1.0103,0.9932,0.0092,0.4356,0,normal
1.0092,1.0195,1.0103,-0.0104,0.1801,0,normal
1.0116,1.0092,1.0195,0.0024,0.4226,0,normal
1.0029,1.0116,1.0092,-0.0086,0.7562,0,normal
1.0169,1.0029,1.0116,0.014,0.2714,0,normal
0.9956,1.0169,1.0029,-0.0213,0.1272,0,normal
0.9961,0.9956,1.0169,0.0005,0.3843,0,normal
1.0179,0.9961,0.9956,0.0217,1.1116,0,normal
1.0073,1.0179,0.9961,-0.0106,0.0994,0,normal
0.981,1.0073,1.0179,-0.0263,0.6601,0,normal
1.0037,0.981,1.0073,0.0227,0.8559,0,normal
1.0166,1.0037,0.981,0.0129,1.0253,0,normal
1.0135,1.0166,1.0037,-0.003,0.5894,0,normal
0.9904,1.0135,1.0166,-0.0232,0.509,0,normal
0.9991,0.9904,1.0135,0.0087,0.1725,0,normal
0.9846,0.9991,0.9904,-0.0145,0.837,0,normal
1.0108,0.9846,0.9991,0.0262,0.9727,0,normal
0.9828,1.0108,0.9846,-0.028,1.3075,0,normal
1.0032,0.9828,1.0108,0.0204,0.9148,0,normal
1.0152,1.0032,0.9828,0.0119,0.6524,0,normal
1.0189,1.0152,1.0032,0.0037,0.2392,0,normal
0.9902,1.0189,1.0152,-0.0287,1.2655,0,normal
0.9961,0.9902,1.0189,0.0059,0.8898,0,normal
0.9936,0.9961,0.9902,-0.0025,1.1523,0,normal
0.9837,0.9936,0.9961,-0.0098,0.3595,0,normal
1.0097,0.9837,0.9936,0.026,0.111,0,normal
0.9839,1.0097,0.9837,-0.0258,0.408,0,normal
0.9802,0.9839,1.0097,-0.0037,0.7239,0,normal
0.9997,0.9802,0.9839,0.0195,0.8879,0,normal
1.0184,0.9997,0.9802,0.0187,1.3518,0,normal
0.9901,1.0184,0.9997,-0.0283,0.6203,0,normal
0.9903,0.9901,1.0184,0.0002,1.3535,0,normal
1.0036,0.9903,0.9901,0.0132,0.1135,0,normal
0.9801,1.0036,0.9903,-0.0234,1.2406,0,normal
0.9882,0.9801,1.0036,0.008,0.5311,0,normal
0.9866,0.9882,0.9801,-0.0016,0.5988,0,normal
0.9997,0.9866,0.9882,0.0131,0.8948,0,normal
0.9993,0.9997,0.9866,-0.0004,0.0577,0,normal
1.0188,0.9993,0.9997,0.0194,0.116,0,normal
1.0029,1.0188,0.9993,-0.0159,0.3819,0,normal
1.0084,1.0029,1.0188,0.0055,0.3185,0,normal
0.9887,1.0084,1.0029,-0.0197,0.2877,0,normal
1.0029,0.9887,1.0084,0.0142,0.0178,0,normal
1.0005,1.0029,0.9887,-0.0024,0.6228,0,normal
0.9941,1.0005,1.0029,-0.0064,0.1211,0,normal
0.994,0.9941,1.0005,-0.0002,0.3978,0,normal
1.0161,0.994,0.9941,0.0221,1.3248,0,normal
0.9907,1.0161,0.994,-0.0253,0.4893,0,normal
1.0043,0.9907,1.0161,0.0135,0.9562,0,normal
1.0075,1.0043,0.9907,0.0033,0.8769,0,normal
1.0174,1.0075,1.0043,0.0099,0.275,0,normal
0.985,1.0174,1.0075,-0.0324,0.4735,0,normal
1.0133,0.985,1.0174,0.0283,0.5331,0,normal
0.988,1.0133,0.985,-0.0253,0.9924,0,normal
0.9979,0.988,1.0133,0.0099,1.0327,0,normal
0.986,0.9979,0.988,-0.0119,0.6097,0,normal
1.0195,0.986,0.9979,0.0334,0.5179,0,normal
1.0055,1.0195,0.986,-0.014,0.8662,0,normal
0.9975,1.0055,1.0195,-0.0079,0.9002,0,normal
0.9982,0.9975,1.0055,0.0007,0.2403,0,normal
0.9964,0.9982,0.9975,-0.0019,0.8253,0,normal
0.9948,0.9964,0.9982,-0.0016,0.8308,0,normal
0.9883,0.9948,0.9964,-0.0064,1.3262,0,normal
1.0172,0.9883,0.9948,0.0289,1.2339,0,normal
1.0122,1.0172,0.9883,-0.005,0.7453,0,normal
0.9825,1.0122,1.0172,-0.0296,0.89,0,normal
0.993,0.9825,1.0122,0.0104,0.5051,0,normal
0.998,0.993,0.9825,0.0051,0.4295,0,normal
1.0067,0.998,0.993,0.0087,0.5345,0,normal
0.9888,1.0067,0.998,-0.0179,0.9834,0,normal
0.9933,0.9888,1.0067,0.0044,0.4029,0,normal
0.9873,0.9933,0.9888,-0.006,0.9273,0,normal
0.9841,0.9873,0.9933,-0.0032,0.319,0,normal
0.9833,0.9841,0.9873,-0.0007,1.3932,0,normal
1.0056,0.9833,0.9841,0.0223,0.271,0,normal
1.0196,1.0056,0.9833,0.014,0.2339,0,normal
1.0157,1.0196,1.0056,-0.0039,0.302,0,normal
0.995,1.0157,1.0196,-0.0208,1.2499,0,normal
0.9987,0.995,1.0157,0.0037,0.3305,0,normal
0.9936,0.9987,0.995,-0.0051,0.4829,0,normal
0.9856,0.9936,0.9987,-0.008,0.0893,0,normal
0.9844,0.9856,0.9936,-0.0012,1.3113,0,normal
0.9951,0.9844,0.9856,0.0106,0.4965,0,normal
1.0096,0.9951,0.9844,0.0145,1.3951,0,normal
0.9829,1.0096,0.9951,-0.0266,0.8073,0,normal
0.9985,0.9829,1.0096,0.0156,0.0568,0,normal
0.9883,0.9985,0.9829,-0.0102,0.7545,0,normal
1.0187,0.9883,0.9985,0.0304,1.1598,0,normal
1.0064,1.0187,0.9883,-0.0122,1.3735,0,normal
0.9952,1.0064,1.0187,-0.0112,0.2763,0,normal
0.9928,0.9952,1.0064,-0.0024,0.9644,0,normal
1.013,0.9928,0.9952,0.0203,0.0094,0,normal
0.9948,1.013,0.9928,-0.0182,0.9034,0,normal
1.0,0.9948,1.013,0.0052,0.0044,0,normal
1.0099,1.0,0.9948,0.0099,0.6931,0,normal
1.0114,1.0099,1.0,0.0015,0.7181,0,normal
0.99,1.0114,1.0099,-0.0214,0.2506,0,normal
0.993,0.99,1.0114,0.0031,0.8053,0,normal
0.9977,0.993,0.99,0.0046,1.1586,0,normal
0.9871,0.9977,0.993,-0.0105,1.1125,0,normal
0.9876,0.9871,0.9977,0.0005,0.5117,0,normal
1.0094,0.9876,0.9871,0.0218,0.9457,0,normal
1.0186,1.0094,0.9876,0.0092,1.3895,0,normal
0.9818,1.0186,1.0094,-0.0369,0.8546,0,normal
0.9969,0.9818,1.0186,0.0151,0.1917,0,normal
0.9953,0.9969,0.9818,-0.0015,0.6017,0,normal
0.9996,0.9953,0.9969,0.0042,1.317,0,normal
0.9967,0.9996,0.9953,-0.0028,0.5519,0,normal
0.9934,0.9967,0.9996,-0.0033,1.2164,0,normal
0.9917,0.9934,0.9967,-0.0017,0.7594,0,normal
0.9865,0.9917,0.9934,-0.0052,0.5427,0,normal
1.0199,0.9865,0.9917,0.0334,0.9686,0,normal
1.0067,1.0199,0.9865,-0.0132,0.9086,0,normal
0.9877,1.0067,1.0199,-0.019,0.166,0,normal
1.0166,0.9877,1.0067,0.029,1.1727,0,normal
0.9901,1.0166,0.9877,-0.0266,0.1785,0,normal
0.9881,0.9901,1.0166,-0.0019,0.3044,0,normal
0.9829,0.9881,0.9901,-0.0053,0.633,0,normal
1.0043,0.9829,0.9881,0.0215,0.6906,0,normal
1.0003,1.0043,0.9829,-0.0041,1.3349,0,normal
0.9927,1.0003,1.0043,-0.0076,0.4168,0,normal
0.9949,0.9927,1.0003,0.0023,1.1496,0,normal
0.9993,0.9949,0.9927,0.0044,1.3428,0,normal
0.985,0.9993,0.9949,-0.0143,0.5444,0,normal
1.01,0.985,0.9993,0.0249,0.7385,0,normal
1.0187,1.01,0.985,0.0087,1.0817,0,normal
1.0127,1.0187,1.01,-0.0059,0.7195,0,normal
1.0075,1.0127,1.0187,-0.0052,0.3616,0,normal
1.0189,1.0075,1.0127,0.0114,0.3128,0,normal
1.0068,1.0189,1.0075,-0.0121,0.0672,0,normal
1.0142,1.0068,1.0189,0.0075,1.1356,0,normal
1.0021,1.0142,1.0068,-0.0121,1.3558,0,normal
0.9973,1.0021,1.0142,-0.0049,0.5522,0,normal
0.9911,0.9973,1.0021,-0.0062,1.0762,0,normal
1.0111,0.9911,0.9973,0.0201,0.4551,0,normal
1.0144,1.0111,0.9911,0.0033,1.2298,0,normal
1.0008,1.0144,1.0111,-0.0136,0.5592,0,normal
1.015,1.0008,1.0144,0.0141,0.1196,0,normal
1.0078,1.015,1.0008,-0.0072,0.0917,0,normal
0.9952,1.0078,1.015,-0.0126,0.5329,0,normal
0.9808,0.9952,1.0078,-0.0144,0.7777,0,normal
0.991,0.9808,0.9952,0.0102,1.001,0,normal
1.0057,0.991,0.9808,0.0147,0.7853,0,normal
0.9829,1.0057,0.991,-0.0228,0.0305,0,normal
1.0174,0.9829,1.0057,0.0344,0.1286,0,normal
1.0157,1.0174,0.9829,-0.0016,0.3173,0,normal
1.0131,1.0157,1.0174,-0.0027,0.2119,0,normal
0.9822,1.0131,1.0157,-0.0309,1.2804,0,normal
1.0024,0.9822,1.0131,0.0203,0.7341,0,normal
0.9846,1.0024,0.9822,-0.0179,0.5905,0,normal
1.0182,0.9846,1.0024,0.0337,0.58,0,normal
1.0093,1.0182,0.9846,-0.0089,1.3766,0,normal
1.0075,1.0093,1.0182,-0.0018,1.2572,0,normal
0.9821,1.0075,1.0093,-0.0254,0.0393,0,normal
1.0086,0.9821,1.0075,0.0265,0.0071,0,normal
0.9901,1.0086,0.9821,-0.0186,0.7263,0,normal
0.9993,0.9901,1.0086,0.0093,1.2133,0,normal
1.01,0.9993,0.9901,0.0107,0.8646,0,normal
1.0108,1.01,0.9993,0.0008,0.1531,0,normal
1.0023,1.0108,1.01,-0.0085,1.1001,0,normal
0.9971,1.0023,1.0108,-0.0052,0.7778,0,normal
0.9897,0.9971,1.0023,-0.0074,1.3937,0,normal
1.0062,0.9897,0.9971,0.0165,0.2145,0,normal
0.9959,1.0062,0.9897,-0.0103,0.8586,0,normal
1.0008,0.9959,1.0062,0.0049,1.2944,0,normal
0.9985,1.0008,0.9959,-0.0023,0.6313,0,normal
0.9948,0.9985,1.0008,-0.0037,1.3628,0,normal
0.9836,0.9948,0.9985,-0.0113,1.3278,0,normal
0.9834,0.9836,0.9948,-0.0002,1.2363,0,normal
1.0065,0.9834,0.9836,0.0231,0.039,0,normal
0.9826,1.0065,0.9834,-0.0239,0.4084,0,normal
1.0179,0.9826,1.0065,0.0353,0.2105,0,normal
0.9837,1.0179,0.9826,-0.0342,1.1079,0,normal
2.8148,0.9837,1.0179,1.8311,2.0682,1,hazard
2.8142,2.8148,0.9837,-0.0006,3.7314,1,hazard
0.3092,2.8142,2.8148,-2.505,2.256,1,hazard
1.3994,0.3092,2.8142,1.0903,2.9799,1,hazard
1.1053,1.3994,0.3092,-0.2941,2.597,1,hazard
0.9947,1.1053,1.3994,-0.1106,2.23,1,hazard
1.0101,0.9947,1.1053,0.0154,2.1237,1,hazard
1.0012,1.0101,0.9947,-0.0089,0.0544,0,normal
0.9967,1.0012,1.0101,-0.0045,0.6282,0,normal
1.0019,0.9967,1.0012,0.0053,1.3605,0,normal
1.0157,1.0019,0.9967,0.0137,0.4145,0,normal
1.004,1.0157,1.0019,-0.0117,1.2824,0,normal
1.0198,1.004,1.0157,0.0157,0.9713,0,normal
0.9933,1.0198,1.004,-0.0265,0.4435,0,normal
1.0178,0.9933,1.0198,0.0245,0.2182,0,normal
0.9925,1.0178,0.9933,-0.0252,0.8172,0,normal
0.9824,0.9925,1.0178,-0.0101,0.4218,0,normal
1.0033,0.9824,0.9925,0.0209,1.2784,0,normal
0.9948,1.0033,0.9824,-0.0085,0.1136,0,normal
0.9898,0.9948,1.0033,-0.005,0.3305,0,normal
1.0012,0.9898,0.9948,0.0114,1.2697,0,normal
1.0087,1.0012,0.9898,0.0075,1.015,0,normal
0.9917,1.0087,1.0012,-0.017,0.1599,0,normal
1.0139,0.9917,1.0087,0.0222,0.5667,0,normal
0.9892,1.0139,0.9917,-0.0247,0.0605,0,normal
1.0135,0.9892,1.0139,0.0243,0.5595,0,normal
1.0047,1.0135,0.9892,-0.0088,0.7518,0,normal
0.9845,1.0047,1.0135,-0.0202,0.679,0,normal
0.9878,0.9845,1.0047,0.0032,1.2423,0,normal
1.0016,0.9878,0.9845,0.0139,0.2414,0,normal
0.9984,1.0016,0.9878,-0.0033,0.8161,0,normal
0.9803,0.9984,1.0016,-0.0181,0.2747,0,normal
1.0028,0.9803,0.9984,0.0225,0.4591,0,normal
1.0184,1.0028,0.9803,0.0155,0.9489,0,normal
0.992,1.0184,1.0028,-0.0263,0.6802,0,normal
0.9935,0.992,1.0184,0.0014,0.1899,0,normal
1.0179,0.9935,0.992,0.0244,1.3441,0,normal
1.0079,1.0179,0.9935,-0.0099,0.886,0,normal
1.0024,1.0079,1.0179,-0.0056,1.3098,0,normal
1.0184,1.0024,1.0079,0.0161,0.9701,0,normal
1.0194,1.0184,1.0024,0.001,0.2986,0,normal
0.9817,1.0194,1.0184,-0.0378,0.1527,0,normal
0.9954,0.9817,1.0194,0.0138,0.8511,0,normal
1.0088,0.9954,0.9817,0.0134,1.3214,0,normal
0.9886,1.0088,0.9954,-0.0202,0.7457,0,normal
0.9883,0.9886,1.0088,-0.0004,1.1109,0,normal
1.0091,0.9883,0.9886,0.0209,1.3664,0,normal
1.0188,1.0091,0.9883,0.0097,0.0817,0,normal
0.9986,1.0188,1.0091,-0.0202,0.1267,0,normal
1.0061,0.9986,1.0188,0.0075,0.34,0,normal
1.0062,1.0061,0.9986,0.0001,1.0287,0,normal
1.0051,1.0062,1.0061,-0.0011,0.2474,0,normal
0.9902,1.0051,1.0062,-0.0149,1.0571,0,normal
1.0044,0.9902,1.0051,0.0141,0.9665,0,normal
0.9962,1.0044,0.9902,-0.0081,1.2936,0,normal
1.0088,0.9962,1.0044,0.0126,0.9658,0,normal
1.0132,1.0088,0.9962,0.0044,1.3125,0,normal
0.99,1.0132,1.0088,-0.0232,0.2827,0,normal
0.983,0.99,1.0132,-0.007,0.3286,0,normal
0.9811,0.983,0.99,-0.0019,0.3383,0,normal
0.9994,0.9811,0.983,0.0183,0.4518,0,normal
1.0012,0.9994,0.9811,0.0018,0.9944,0,normal
0.9853,1.0012,0.9994,-0.0159,0.2231,0,normal
1.0103,0.9853,1.0012,0.025,0.2009,0,normal
1.0098,1.0103,0.9853,-0.0005,0.4769,0,normal
1.0187,1.0098,1.0103,0.0088,1.0576,0,normal
0.9857,1.0187,1.0098,-0.033,0.2516,0,normal
0.9947,0.9857,1.0187,0.009,0.1205,0,normal
1.0014,0.9947,0.9857,0.0067,0.7352,0,normal
1.0138,1.0014,0.9947,0.0124,0.0926,0,normal
0.9979,1.0138,1.0014,-0.0159,0.5543,0,normal
0.9978,0.9979,1.0138,-0.0001,0.9316,0,normal
0.9809,0.9978,0.9979,-0.0169,0.3143,0,normal
1.0001,0.9809,0.9978,0.0192,0.2743,0,normal
1.0158,1.0001,0.9809,0.0157,0.4642,0,normal
1.0078,1.0158,1.0001,-0.008,1.3968,0,normal
1.0029,1.0078,1.0158,-0.0049,1.399,0,normal
0.9875,1.0029,1.0078,-0.0153,1.0029,0,normal
0.9956,0.9875,1.0029,0.0081,0.0754,0,normal
1.0189,0.9956,0.9875,0.0233,0.9874,0,normal
0.982,1.0189,0.9956,-0.0369,0.3277,0,normal
1.006,0.982,1.0189,0.0241,0.6201,0,normal
1.0102,1.006,0.982,0.0042,0.784,0,normal
1.0037,1.0102,1.006,-0.0065,1.3359,0,normal
0.9943,1.0037,1.0102,-0.0095,0.3949,0,normal
1.0059,0.9943,1.0037,0.0116,0.0686,0,normal
0.9999,1.0059,0.9943,-0.006,1.2159,0,normal
0.9846,0.9999,1.0059,-0.0153,1.0056,0,normal
1.0115,0.9846,0.9999,0.0269,1.385,0,normal
1.0011,1.0115,0.9846,-0.0104,0.4278,0,normal
0.9918,1.0011,1.0115,-0.0093,0.3901,0,normal
1.0042,0.9918,1.0011,0.0124,1.0455,0,normal
0.9805,1.0042,0.9918,-0.0236,1.0001,0,normal
0.9989,0.9805,1.0042,0.0184,1.2503,0,normal
1.0197,0.9989,0.9805,0.0208,0.6105,0,normal
0.992,1.0197,0.9989,-0.0277,0.9542,0,normal
0.9804,0.992,1.0197,-0.0116,0.2774,0,normal
1.0146,0.9804,0.992,0.0342,0.0892,0,normal
0.9819,1.0146,0.9804,-0.0327,0.0464,0,normal
0.9829,0.9819,1.0146,0.001,0.4734,0,normal
1.0116,0.9829,0.9819,0.0287,0.2875,0,normal
1.0155,1.0116,0.9829,0.0039,0.7627,0,normal
1.0145,1.0155,1.0116,-0.001,1.247,0,normal
1.0116,1.0145,1.0155,-0.003,0.5155,0,normal
1.0086,1.0116,1.0145,-0.0029,0.7119,0,normal
0.9848,1.0086,1.0116,-0.0238,0.3397,0,normal
0.9835,0.9848,1.0086,-0.0013,0.2295,0,normal
1.0162,0.9835,0.9848,0.0327,0.6857,0,normal
1.0075,1.0162,0.9835,-0.0087,0.8367,0,normal
0.9861,1.0075,1.0162,-0.0214,1.0076,0,normal
1.0151,0.9861,1.0075,0.029,0.5383,0,normal
0.9853,1.0151,0.9861,-0.0298,0.1231,0,normal
1.0074,0.9853,1.0151,0.0221,0.8979,0,normal
1.0071,1.0074,0.9853,-0.0003,0.1559,0,normal
0.9927,1.0071,1.0074,-0.0144,0.5263,0,normal
1.0129,0.9927,1.0071,0.0203,1.0134,0,normal
0.9939,1.0129,0.9927,-0.0191,1.3755,0,normal
0.9982,0.9939,1.0129,0.0044,0.8995,0,normal
1.0035,0.9982,0.9939,0.0053,0.4969,0,normal
0.9895,1.0035,0.9982,-0.014,0.3061,0,normal
1.008,0.9895,1.0035,0.0185,0.0959,0,normal
0.9982,1.008,0.9895,-0.0098,0.3334,0,normal
0.9967,0.9982,1.008,-0.0015,0.8476,0,normal
0.9925,0.9967,0.9982,-0.0043,1.0624,0,normal
1.0149,0.9925,0.9967,0.0225,1.1797,0,normal
0.9971,1.0149,0.9925,-0.0178,1.2918,0,normal
1.0192,0.9971,1.0149,0.0221,1.0995,0,normal
0.9961,1.0192,0.9971,-0.0231,0.8792,0,normal
0.9811,0.9961,1.0192,-0.015,0.9617,0,normal
1.0042,0.9811,0.9961,0.0231,1.1376,0,normal
0.9969,1.0042,0.9811,-0.0073,0.9022,0,normal
1.0037,0.9969,1.0042,0.0067,1.3657,0,normal
2.7812,1.0037,0.9969,1.7775,3.9904,1,hazard
2.7846,2.7812,1.0037,0.0034,2.0649,1,hazard
0.302,2.7846,2.7812,-2.4826,3.1149,1,hazard
1.411,0.302,2.7846,1.109,3.6886,1,hazard
1.1173,1.411,0.302,-0.2937,3.6879,1,hazard
0.9871,1.1173,1.411,-0.1303,3.5824,1,hazard
1.0113,0.9871,1.1173,0.0242,3.814,1,hazard
0.982,1.0113,0.9871,-0.0293,1.0833,0,normal
1.0005,0.982,1.0113,0.0185,0.1558,0,normal
1.0156,1.0005,0.982,0.0151,0.1427,0,normal
1.0133,1.0156,1.0005,-0.0023,0.4639,0,normal
0.9923,1.0133,1.0156,-0.021,0.7478,0,normal
0.9896,0.9923,1.0133,-0.0028,0.441,0,normal
0.9808,0.9896,0.9923,-0.0088,0.1072,0,normal
1.0116,0.9808,0.9896,0.0309,0.5003,0,normal
1.0041,1.0116,0.9808,-0.0075,1.0104,0,normal
0.9832,1.0041,1.0116,-0.0209,0.817,0,normal
0.9899,0.9832,1.0041,0.0067,1.2162,0,normal
1.0188,0.9899,0.9832,0.0289,0.5676,0,normal
0.9906,1.0188,0.9899,-0.0282,1.2823,0,normal
0.9851,0.9906,1.0188,-0.0055,0.9783,0,normal
0.9984,0.9851,0.9906,0.0133,0.9804,0,normal
0.9842,0.9984,0.9851,-0.0142,0.9566,0,normal
1.007,0.9842,0.9984,0.0228,0.6166,0,normal
0.9899,1.007,0.9842,-0.0171,0.8714,0,normal
0.9992,0.9899,1.007,0.0093,0.2695,0,normal
1.0042,0.9992,0.9899,0.005,0.601,0,normal
1.0032,1.0042,0.9992,-0.0009,0.6067,0,normal
1.0008,1.0032,1.0042,-0.0025,1.2603,0,normal
1.0109,1.0008,1.0032,0.0101,0.7008,0,normal
1.0164,1.0109,1.0008,0.0055,0.487,0,normal
1.0188,1.0164,1.0109,0.0023,0.5239,0,normal
0.9839,1.0188,1.0164,-0.0349,0.5201,0,normal
0.9923,0.9839,1.0188,0.0085,1.3244,0,normal
1.0041,0.9923,0.9839,0.0118,1.0411,0,normal
1.0095,1.0041,0.9923,0.0054,1.0471,0,normal
1.0027,1.0095,1.0041,-0.0068,1.1921,0,normal
0.9834,1.0027,1.0095,-0.0193,0.1905,0,normal
1.0187,0.9834,1.0027,0.0353,0.9214,0,normal
1.004,1.0187,0.9834,-0.0147,0.5317,0,normal
1.0034,1.004,1.0187,-0.0006,1.3219,0,normal
0.9893,1.0034,1.004,-0.0141,1.1894,0,normal
0.9984,0.9893,1.0034,0.0091,0.5682,0,normal
0.9959,0.9984,0.9893,-0.0025,0.5619,0,normal
1.0151,0.9959,0.9984,0.0193,0.4405,0,normal
0.9887,1.0151,0.9959,-0.0264,0.9132,0,normal
0.995,0.9887,1.0151,0.0063,1.172,0,normal
0.9811,0.995,0.9887,-0.0139,0.3327,0,normal
1.0041,0.9811,0.995,0.023,0.5109,0,normal
1.0063,1.0041,0.9811,0.0022,0.1075,0,normal
0.9853,1.0063,1.0041,-0.021,0.1067,0,normal
0.9973,0.9853,1.0063,0.012,0.7425,0,normal
0.9869,0.9973,0.9853,-0.0104,0.2781,0,normal
0.994,0.9869,0.9973,0.0071,0.7099,0,normal
0.9999,0.994,0.9869,0.0058,0.0326,0,normal
0.9922,0.9999,0.994,-0.0076,0.3493,0,normal
0.9918,0.9922,0.9999,-0.0005,1.1059,0,normal
1.005,0.9918,0.9922,0.0132,1.0127,0,normal
1.003,1.005,0.9918,-0.002,0.3082,0,normal
1.005,1.003,1.005,0.002,1.0012,0,normal
0.9861,1.005,1.003,-0.0188,0.229,0,normal
1.0048,0.9861,1.005,0.0186,0.9863,0,normal
1.0083,1.0048,0.9861,0.0035,0.5116,0,normal
1.0016,1.0083,1.0048,-0.0066,1.2039,0,normal
1.0044,1.0016,1.0083,0.0028,0.3281,0,normal
1.0122,1.0044,1.0016,0.0079,0.091,0,normal
1.0188,1.0122,1.0044,0.0065,0.1707,0,normal
0.9822,1.0188,1.0122,-0.0366,0.8718,0,normal
1.0179,0.9822,1.0188,0.0357,1.3787,0,normal
0.9824,1.0179,0.9822,-0.0355,1.1336,0,normal
0.9992,0.9824,1.0179,0.0168,1.1897,0,normal
0.9937,0.9992,0.9824,-0.0055,0.3027,0,normal
0.9898,0.9937,0.9992,-0.0038,1.2548,0,normal
1.005,0.9898,0.9937,0.0152,0.0488,0,normal
0.9961,1.005,0.9898,-0.009,1.3487,0,normal
1.0023,0.9961,1.005,0.0062,0.6002,0,normal
1.0141,1.0023,0.9961,0.0118,0.6862,0,normal
0.9906,1.0141,1.0023,-0.0235,0.0016,0,normal
0.9822,0.9906,1.0141,-0.0084,0.5898,0,normal
0.9954,0.9822,0.9906,0.0132,0.9898,0,normal
1.0061,0.9954,0.9822,0.0107,0.2417,0,normal
1.0044,1.0061,0.9954,-0.0017,0.0675,0,normal
1.0167,1.0044,1.0061,0.0123,0.6482,0,normal
1.004,1.0167,1.0044,-0.0127,0.4621,0,normal
1.0186,1.004,1.0167,0.0146,0.3464,0,normal
0.996,1.0186,1.004,-0.0226,0.7402,0,normal
0.9956,0.996,1.0186,-0.0004,0.3946,0,normal
1.0122,0.9956,0.996,0.0166,0.035,0,normal
0.9812,1.0122,0.9956,-0.031,0.6662,0,normal
0.9911,0.9812,1.0122,0.0099,0.4683,0,normal
1.0162,0.9911,0.9812,0.0251,1.1324,0,normal
0.9825,1.0162,0.9911,-0.0336,0.1433,0,normal
1.0128,0.9825,1.0162,0.0303,0.316,0,normal
0.9921,1.0128,0.9825,-0.0207,0.2536,0,normal
1.0189,0.9921,1.0128,0.0268,1.2447,0,normal
0.9806,1.0189,0.9921,-0.0383,1.2204,0,normal
0.9919,0.9806,1.0189,0.0113,0.1383,0,normal
1.0138,0.9919,0.9806,0.0218,0.8499,0,normal
1.0148,1.0138,0.9919,0.001,1.1216,0,normal
1.0177,1.0148,1.0138,0.0029,0.0345,0,normal
0.9858,1.0177,1.0148,-0.0319,1.2502,0,normal
1.0155,0.9858,1.0177,0.0297,0.7204,0,normal
1.0144,1.0155,0.9858,-0.0011,0.5339,0,normal
0.9956,1.0144,1.0155,-0.0188,0.0345,0,normal
0.9805,0.9956,1.0144,-0.0151,1.3143,0,normal
0.9813,0.9805,0.9956,0.0008,1.1096,0,normal
1.0092,0.9813,0.9805,0.0279,1.3985,0,normal
1.0025,1.0092,0.9813,-0.0067,1.1172,0,normal
0.99,1.0025,1.0092,-0.0125,1.156,0,normal
1.0013,0.99,1.0025,0.0113,0.1978,0,normal
0.9898,1.0013,0.99,-0.0115,0.8022,0,normal
0.991,0.9898,1.0013,0.0012,1.3309,0,normal
1.0087,0.991,0.9898,0.0178,0.6267,0,normal
0.9942,1.0087,0.991,-0.0146,0.1219,0,normal
0.9922,0.9942,1.0087,-0.002,1.0365,0,normal
1.0071,0.9922,0.9942,0.0149,1.086,0,normal
0.9818,1.0071,0.9922,-0.0253,0.2634,0,normal
1.0185,0.9818,1.0071,0.0367,0.0506,0,normal
0.9985,1.0185,0.9818,-0.02,0.9779,0,normal
0.9841,0.9985,1.0185,-0.0143,1.1803,0,normal
1.0103,0.9841,0.9985,0.0262,0.6191,0,normal
1.0158,1.0103,0.9841,0.0055,1.0895,0,normal
0.9878,1.0158,1.0103,-0.028,0.2741,0,normal
0.9884,0.9878,1.0158,0.0006,0.5027,0,normal
0.9905,0.9884,0.9878,0.0021,0.9015,0,normal
1.001,0.9905,0.9884,0.0105,0.7099,0,normal
1.0038,1.001,0.9905,0.0029,0.6749,0,normal
0.9955,1.0038,1.001,-0.0084,1.1521,0,normal
1.0031,0.9955,1.0038,0.0076,1.0694,0,normal
0.9821,1.0031,0.9955,-0.0209,0.1419,0,normal
1.0089,0.9821,1.0031,0.0267,0.4955,0,normal
1.0044,1.0089,0.9821,-0.0045,0.102,0,normal
1.0178,1.0044,1.0089,0.0134,1.052,0,normal
0.9862,1.0178,1.0044,-0.0317,0.8275,0,normal
0.989,0.9862,1.0178,0.0029,0.9823,0,normal
0.996,0.989,0.9862,0.0069,0.1716,0,normal
0.9816,0.996,0.989,-0.0144,0.6022,0,normal
0.9879,0.9816,0.996,0.0063,1.3168,0,normal
1.0055,0.9879,0.9816,0.0176,1.2675,0,normal
1.013,1.0055,0.9879,0.0075,0.6836,0,normal
1.0098,1.013,1.0055,-0.0032,0.6291,0,normal
1.0176,1.0098,1.013,0.0078,1.1728,0,normal
0.9868,1.0176,1.0098,-0.0308,0.5136,0,normal
1.0013,0.9868,1.0176,0.0144,0.1415,0,normal
0.9843,1.0013,0.9868,-0.0169,0.8651,0,normal
0.9849,0.9843,1.0013,0.0006,0.0498,0,normal
0.9808,0.9849,0.9843,-0.0041,0.5639,0,normal
0.9924,0.9808,0.9849,0.0116,0.874,0,normal
1.0032,0.9924,0.9808,0.0108,1.293,0,normal
0.9867,1.0032,0.9924,-0.0165,0.0055,0,normal
0.9958,0.9867,1.0032,0.0091,0.0238,0,normal
0.9909,0.9958,0.9867,-0.0049,0.6122,0,normal
0.9966,0.9909,0.9958,0.0058,0.013,0,normal
1.0197,0.9966,0.9909,0.0231,0.1655,0,normal
1.0047,1.0197,0.9966,-0.0151,0.7085,0,normal
0.9966,1.0047,1.0197,-0.0081,0.0862,0,normal
0.9877,0.9966,1.0047,-0.0089,0.0393,0,normal
1.0171,0.9877,0.9966,0.0295,0.1797,0,normal
1.0164,1.0171,0.9877,-0.0007,0.523,0,normal
0.9996,1.0164,1.0171,-0.0168,0.2255,0,normal
1.005,0.9996,1.0164,0.0054,1.1649,0,normal
0.9986,1.005,0.9996,-0.0064,0.8039,0,normal
0.987,0.9986,1.005,-0.0116,0.8047,0,normal
1.0196,0.987,0.9986,0.0326,0.4929,0,normal
0.9901,1.0196,0.987,-0.0296,0.8919,0,normal
0.9813,0.9901,1.0196,-0.0088,0.6857,0,normal
0.9858,0.9813,0.9901,0.0045,0.9221,0,normal
0.9899,0.9858,0.9813,0.0041,1.1808,0,normal
1.0056,0.9899,0.9858,0.0156,0.6106,0,normal
1.0161,1.0056,0.9899,0.0105,0.943,0,normal
1.0071,1.0161,1.0056,-0.0091,0.6235,0,normal
1.0053,1.0071,1.0161,-0.0018,1.1685,0,normal
1.0042,1.0053,1.0071,-0.0011,1.0046,0,normal
1.0024,1.0042,1.0053,-0.0018,0.8294,0,normal
1.0111,1.0024,1.0042,0.0087,1.2131,0,normal
1.0118,1.0111,1.0024,0.0007,0.2931,0,normal
0.988,1.0118,1.0111,-0.0239,1.0951,0,normal
1.0043,0.988,1.0118,0.0163,0.79,0,normal
0.9805,1.0043,0.988,-0.0237,0.9483,0,normal
0.9877,0.9805,1.0043,0.0071,0.5421,0,normal
1.006,0.9877,0.9805,0.0183,0.9242,0,normal
1.0191,1.006,0.9877,0.0131,1.1073,0,normal
0.9892,1.0191,1.006,-0.0298,0.4588,0,normal
0.9878,0.9892,1.0191,-0.0014,0.1253,0,normal
0.9866,0.9878,0.9892,-0.0012,0.5317,0,normal
1.0105,0.9866,0.9878,0.0238,1.0847,0,normal
1.0036,1.0105,0.9866,-0.0069,0.7634,0,normal
1.018,1.0036,1.0105,0.0144,1.2385,0,normal
0.9964,1.018,1.0036,-0.0215,1.0002,0,normal
0.9811,0.9964,1.018,-0.0153,0.6626,0,normal
0.9934,0.9811,0.9964,0.0123,0.4136,0,normal
1.0092,0.9934,0.9811,0.0158,0.8091,0,normal
0.9973,1.0092,0.9934,-0.0119,0.465,0,normal
0.9907,0.9973,1.0092,-0.0065,0.0042,0,normal
1.004,0.9907,0.9973,0.0133,0.1924,0,normal
1.0008,1.004,0.9907,-0.0032,0.4708,0,normal
1.0012,1.0008,1.004,0.0004,0.8666,0,normal
0.9979,1.0012,1.0008,-0.0033,0.9279,0,normal
1.0103,0.9979,1.0012,0.0124,0.921,0,normal
1.0161,1.0103,0.9979,0.0058,0.7351,0,normal
0.9906,1.0161,1.0103,-0.0256,0.0686,0,normal
1.0062,0.9906,1.0161,0.0156,1.3241,0,normal
1.0191,1.0062,0.9906,0.0129,0.1902,0,normal
1.0084,1.0191,1.0062,-0.0107,1.1594,0,normal
0.9816,1.0084,1.0191,-0.0268,0.4053,0,normal
0.9919,0.9816,1.0084,0.0103,0.0436,0,normal
0.9926,0.9919,0.9816,0.0008,0.6392,0,normal
0.9858,0.9926,0.9919,-0.0069,0.8246,0,normal
1.0158,0.9858,0.9926,0.03,0.3154,0,normal
0.9826,1.0158,0.9858,-0.0332,0.2294,0,normal
0.9976,0.9826,1.0158,0.015,0.8264,0,normal
0.9964,0.9976,0.9826,-0.0012,1.0302,0,normal
0.9923,0.9964,0.9976,-0.0041,1.3979,0,normal
1.0053,0.9923,0.9964,0.013,0.2554,0,normal
1.0044,1.0053,0.9923,-0.0009,0.8664,0,normal
0.9862,1.0044,1.0053,-0.0182,0.1039,0,normal
1.0012,0.9862,1.0044,0.0151,0.4611,0,normal
0.9928,1.0012,0.9862,-0.0085,0.3787,0,normal
1.0178,0.9928,1.0012,0.025,0.5434,0,normal
0.9897,1.0178,0.9928,-0.0281,1.1053,0,normal
0.9986,0.9897,1.0178,0.0089,0.4008,0,normal
1.0119,0.9986,0.9897,0.0133,0.1983,0,normal
0.9939,1.0119,0.9986,-0.0181,1.3514,0,normal
1.005,0.9939,1.0119,0.0111,1.2005,0,normal
1.0074,1.005,0.9939,0.0024,1.2804,0,normal
0.9818,1.0074,1.005,-0.0255,1.1443,0,normal
0.9898,0.9818,1.0074,0.008,0.7215,0,normal
0.9892,0.9898,0.9818,-0.0006,0.8392,0,normal
0.9808,0.9892,0.9898,-0.0084,0.0802,0,normal
1.0,0.9808,0.9892,0.0193,1.3055,0,normal
0.9961,1.0,0.9808,-0.0039,0.8412,0,normal
1.0001,0.9961,1.0,0.004,1.3137,0,normal
1.0174,1.0001,0.9961,0.0173,1.3982,0,normal
0.9823,1.0174,1.0001,-0.0351,1.1956,0,normal
0.9992,0.9823,1.0174,0.0169,0.0206,0,normal
1.0129,0.9992,0.9823,0.0137,0.2567,0,normal
0.9826,1.0129,0.9992,-0.0302,0.4535,0,normal
0.9838,0.9826,1.0129,0.0012,0.4848,0,normal
0.9986,0.9838,0.9826,0.0148,1.3287,0,normal
0.9828,0.9986,0.9838,-0.0158,0.3447,0,normal
0.9978,0.9828,0.9986,0.0149,0.2325,0,normal
0.9839,0.9978,0.9828,-0.0139,0.6972,0,normal
1.0184,0.9839,0.9978,0.0346,0.4493,0,normal
1.0015,1.0184,0.9839,-0.017,0.8515,0,normal
1.0001,1.0015,1.0184,-0.0014,0.566,0,normal
0.9883,1.0001,1.0015,-0.0118,0.817,0,normal
0.9856,0.9883,1.0001,-0.0027,1.0144,0,normal
1.0132,0.9856,0.9883,0.0276,0.8551,0,normal
0.9894,1.0132,0.9856,-0.0237,1.2517,0,normal
1.0052,0.9894,1.0132,0.0158,1.0025,0,normal
0.9903,1.0052,0.9894,-0.0149,1.0579,0,normal
1.0012,0.9903,1.0052,0.0109,0.1012,0,normal
0.9827,1.0012,0.9903,-0.0185,0.2929,0,normal
0.9919,0.9827,1.0012,0.0092,1.1013,0,normal
0.9938,0.9919,0.9827,0.0019,0.5721,0,normal
0.9925,0.9938,0.9919,-0.0014,0.4069,0,normal
0.9959,0.9925,0.9938,0.0035,0.4528,0,normal
0.9895,0.9959,0.9925,-0.0064,1.1898,0,normal
1.0083,0.9895,0.9959,0.0188,1.2564,0,normal
1.0036,1.0083,0.9895,-0.0047,0.6269,0,normal
1.0069,1.0036,1.0083,0.0033,1.3169,0,normal
0.9938,1.0069,1.0036,-0.0131,1.1099,0,normal
0.9806,0.9938,1.0069,-0.0132,0.6163,0,normal
0.9969,0.9806,0.9938,0.0163,1.1325,0,normal
0.9957,0.9969,0.9806,-0.0013,0.0404,0,normal
1.0057,0.9957,0.9969,0.01,1.3318,0,normal
1.2832,1.0057,0.9957,0.2776,1.9452,1,caution
1.2944,1.2832,1.0057,0.0112,1.2925,0,caution
1.2891,1.2944,1.2832,-0.0054,1.7503,1,caution
1.7979,1.2891,1.2944,0.5088,2.0209,1,caution
1.8092,1.7979,1.2891,0.0113,1.0293,0,caution
1.5164,1.8092,1.7979,-0.2928,1.9148,1,caution
1.5086,1.5164,1.8092,-0.0078,1.115,0,caution
1.1824,1.5086,1.5164,-0.3262,1.6767,1,caution
1.2016,1.1824,1.5086,0.0191,1.1998,0,caution
1.0122,1.2016,1.1824,-0.1894,1.5197,1,caution
0.9882,1.0122,1.2016,-0.0239,1.2637,0,caution
1.0039,0.9882,1.0122,0.0157,0.6266,0,normal
1.0189,1.0039,0.9882,0.0149,0.5368,0,normal
0.9959,1.0189,1.0039,-0.0229,1.1962,0,normal
0.992,0.9959,1.0189,-0.004,0.9765,0,normal
1.0001,0.992,0.9959,0.0081,1.393,0,normal
1.0005,1.0001,0.992,0.0005,0.0388,0,normal
0.9911,1.0005,1.0001,-0.0094,1.3009,0,normal
1.0046,0.9911,1.0005,0.0135,0.7389,0,normal
0.9878,1.0046,0.9911,-0.0168,1.3103,0,normal
1.0191,0.9878,1.0046,0.0313,0.6253,0,normal
0.9828,1.0191,0.9878,-0.0363,0.8538,0,normal
0.9833,0.9828,1.0191,0.0005,0.6169,0,normal
0.9992,0.9833,0.9828,0.0159,0.3857,0,normal
0.9973,0.9992,0.9833,-0.0019,0.5547,0,normal
0.9946,0.9973,0.9992,-0.0027,1.2825,0,normal
1.0043,0.9946,0.9973,0.0097,0.9275,0,normal
1.0047,1.0043,0.9946,0.0004,0.067,0,normal
0.9838,1.0047,1.0043,-0.0209,1.3832,0,normal
0.9965,0.9838,1.0047,0.0127,0.0813,0,normal
1.0116,0.9965,0.9838,0.015,0.7518,0,normal
1.0071,1.0116,0.9965,-0.0045,0.9478,0,normal
1.0025,1.0071,1.0116,-0.0046,0.1821,0,normal
1.0137,1.0025,1.0071,0.0112,0.8611,0,normal
0.9837,1.0137,1.0025,-0.03,0.4231,0,normal
1.0026,0.9837,1.0137,0.0189,0.9334,0,normal
1.0146,1.0026,0.9837,0.012,1.0291,0,normal
0.9807,1.0146,1.0026,-0.0339,1.3081,0,normal
1.0076,0.9807,1.0146,0.0269,1.3173,0,normal
0.9919,1.0076,0.9807,-0.0157,0.2896,0,normal
1.0116,0.9919,1.0076,0.0197,0.6956,0,normal
1.002,1.0116,0.9919,-0.0096,0.7755,0,normal
0.9981,1.002,1.0116,-0.0039,0.0021,0,normal
0.9989,0.9981,1.002,0.0008,0.2899,0,normal
1.0017,0.9989,0.9981,0.0028,1.2101,0,normal
0.9968,1.0017,0.9989,-0.005,1.1174,0,normal
1.0015,0.9968,1.0017,0.0048,0.8512,0,normal
0.9963,1.0015,0.9968,-0.0053,0.6166,0,normal
0.9812,0.9963,1.0015,-0.0151,0.1008,0,normal
0.9914,0.9812,0.9963,0.0103,0.5523,0,normal
0.989,0.9914,0.9812,-0.0025,0.0387,0,normal
0.9886,0.989,0.9914,-0.0003,1.3819,0,normal
1.0026,0.9886,0.989,0.0139,0.2673,0,normal
1.0022,1.0026,0.9886,-0.0004,0.7148,0,normal
1.0184,1.0022,1.0026,0.0162,0.4369,0,normal
0.9921,1.0184,1.0022,-0.0264,0.9499,0,normal
1.0126,0.9921,1.0184,0.0205,1.2777,0,normal
0.9909,1.0126,0.9921,-0.0217,0.6544,0,normal
1.0116,0.9909,1.0126,0.0207,1.1445,0,normal
1.014,1.0116,0.9909,0.0024,0.1621,0,normal
0.9979,1.014,1.0116,-0.0161,0.2892,0,normal
0.9888,0.9979,1.014,-0.0092,0.1004,0,normal
1.005,0.9888,0.9979,0.0162,0.2232,0,normal
1.0119,1.005,0.9888,0.0069,0.7502,0,normal
0.9993,1.0119,1.005,-0.0125,1.2165,0,normal
1.0005,0.9993,1.0119,0.0011,0.132,0,normal
0.9812,1.0005,0.9993,-0.0192,0.8284,0,normal
1.0166,0.9812,1.0005,0.0354,0.012,0,normal
1.0055,1.0166,0.9812,-0.0112,1.0739,0,normal
1.004,1.0055,1.0166,-0.0015,0.2375,0,normal
1.015,1.004,1.0055,0.0111,0.8617,0,normal
0.9876,1.015,1.004,-0.0275,0.7384,0,normal
0.9827,0.9876,1.015,-0.0049,0.8965,0,normal
1.0192,0.9827,0.9876,0.0365,0.9933,0,normal
1.0162,1.0192,0.9827,-0.0029,1.2945,0,normal
0.9959,1.0162,1.0192,-0.0203,0.9336,0,normal
0.9989,0.9959,1.0162,0.003,0.7994,0,normal
1.0172,0.9989,0.9959,0.0183,0.0096,0,normal
1.0005,1.0172,0.9989,-0.0166,1.0864,0,normal
2.8177,1.0005,1.0172,1.8172,2.7814,1,hazard
2.8148,2.8177,1.0005,-0.0029,3.7915,1,hazard
0.3003,2.8148,2.8177,-2.5145,2.0966,1,hazard
1.3806,0.3003,2.8148,1.0803,2.5833,1,hazard
1.1184,1.3806,0.3003,-0.2622,3.5454,1,hazard
1.0132,1.1184,1.3806,-0.1052,3.6659,1,hazard
1.0178,1.0132,1.1184,0.0047,2.1667,1,hazard
1.0171,1.0178,1.0132,-0.0007,0.9069,0,normal
0.9859,1.0171,1.0178,-0.0313,0.4091,0,normal
1.019,0.9859,1.0171,0.0332,1.2619,0,normal
1.0123,1.019,0.9859,-0.0067,0.2037,0,normal
0.9839,1.0123,1.019,-0.0284,1.3665,0,normal
1.0091,0.9839,1.0123,0.0253,0.8288,0,normal
0.9884,1.0091,0.9839,-0.0207,1.3704,0,normal
1.0014,0.9884,1.0091,0.013,1.0243,0,normal
0.9848,1.0014,0.9884,-0.0166,0.357,0,normal
0.9852,0.9848,1.0014,0.0005,0.8161,0,normal
0.9904,0.9852,0.9848,0.0051,1.0541,0,normal
1.0022,0.9904,0.9852,0.0118,0.6309,0,normal
1.016,1.0022,0.9904,0.0138,1.2315,0,normal
0.9861,1.016,1.0022,-0.0299,0.188,0,normal
1.01,0.9861,1.016,0.0239,0.0707,0,normal
1.0028,1.01,0.9861,-0.0072,0.0679,0,normal
1.012,1.0028,1.01,0.0092,1.3755,0,normal
1.0169,1.012,1.0028,0.0049,0.6128,0,normal
0.9852,1.0169,1.012,-0.0317,1.1565,0,normal
1.012,0.9852,1.0169,0.0269,0.3686,0,normal
0.9879,1.012,0.9852,-0.0241,0.9686,0,normal
0.9855,0.9879,1.012,-0.0024,0.5263,0,normal
0.9936,0.9855,0.9879,0.0082,0.5406,0,normal
0.99,0.9936,0.9855,-0.0036,1.1812,0,normal
0.9993,0.99,0.9936,0.0093,0.9672,0,normal
1.0168,0.9993,0.99,0.0175,1.3827,0,normal
1.0069,1.0168,0.9993,-0.0099,1.0049,0,normal
1.0175,1.0069,1.0168,0.0105,0.8516,0,normal
0.9971,1.0175,1.0069,-0.0204,1.0319,0,normal
0.986,0.9971,1.0175,-0.0111,0.1205,0,normal
0.9815,0.986,0.9971,-0.0045,0.8597,0,normal
1.001,0.9815,0.986,0.0195,1.3807,0,normal
1.0142,1.001,0.9815,0.0132,0.759,0,normal
1.0048,1.0142,1.001,-0.0094,0.7797,0,normal
1.0003,1.0048,1.0142,-0.0045,0.0259,0,normal
0.9949,1.0003,1.0048,-0.0054,0.8566,0,normal
1.0052,0.9949,1.0003,0.0102,1.0726,0,normal
0.9857,1.0052,0.9949,-0.0195,0.8258,0,normal
0.9929,0.9857,1.0052,0.0072,0.1672,0,normal
0.9913,0.9929,0.9857,-0.0016,1.2543,0,normal
0.9929,0.9913,0.9929,0.0016,0.3573,0,normal
1.0062,0.9929,0.9913,0.0133,0.5219,0,normal
1.0034,1.0062,0.9929,-0.0028,0.2374,0,normal
1.0091,1.0034,1.0062,0.0058,1.1656,0,normal
0.9907,1.0091,1.0034,-0.0185,0.3169,0,normal
0.9914,0.9907,1.0091,0.0008,0.8406,0,normal
1.0109,0.9914,0.9907,0.0195,0.5919,0,normal
0.9978,1.0109,0.9914,-0.0131,1.225,0,normal
0.986,0.9978,1.0109,-0.0118,0.8737,0,normal
1.0002,0.986,0.9978,0.0142,0.595,0,normal
0.9893,1.0002,0.986,-0.0109,0.4777,0,normal
0.9827,0.9893,1.0002,-0.0067,0.6764,0,normal
0.9995,0.9827,0.9893,0.0168,1.3892,0,normal
0.9937,0.9995,0.9827,-0.0058,1.0741,0,normal
0.982,0.9937,0.9995,-0.0117,0.5373,0,normal
1.0123,0.982,0.9937,0.0304,1.1968,0,normal
1.017,1.0123,0.982,0.0047,0.7063,0,normal
0.9999,1.017,1.0123,-0.0171,1.3893,0,normal
0.986,0.9999,1.017,-0.0139,0.7224,0,normal
1.017,0.986,0.9999,0.0311,0.8431,0,normal
0.9871,1.017,0.986,-0.03,0.6289,0,normal
1.0091,0.9871,1.017,0.022,0.9782,0,normal
0.9898,1.0091,0.9871,-0.0193,1.2827,0,normal
0.9817,0.9898,1.0091,-0.0082,0.1411,0,normal
0.9897,0.9817,0.9898,0.008,0.477,0,normal
0.9897,0.9897,0.9817,-0.0,1.3212,0,normal
0.9934,0.9897,0.9897,0.0037,0.6507,0,normal
1.0108,0.9934,0.9897,0.0175,0.2429,0,normal
0.9807,1.0108,0.9934,-0.0301,1.2985,0,normal
1.0103,0.9807,1.0108,0.0296,1.1687,0,normal
0.9962,1.0103,0.9807,-0.0141,0.9603,0,normal
1.0168,0.9962,1.0103,0.0207,0.6663,0,normal
1.0001,1.0168,0.9962,-0.0167,0.5612,0,normal
0.9929,1.0001,1.0168,-0.0072,0.6762,0,normal
1.0182,0.9929,1.0001,0.0252,1.3553,0,normal
1.0068,1.0182,0.9929,-0.0114,1.2668,0,normal
0.998,1.0068,1.0182,-0.0088,0.4979,0,normal
1.0081,0.998,1.0068,0.0101,0.3053,0,normal
1.0013,1.0081,0.998,-0.0068,0.721,0,normal
1.0027,1.0013,1.0081,0.0014,0.6884,0,normal
1.0043,1.0027,1.0013,0.0016,1.2518,0,normal
0.9924,1.0043,1.0027,-0.0119,0.5601,0,normal
1.013,0.9924,1.0043,0.0206,0.8486,0,normal
1.0024,1.013,0.9924,-0.0106,0.7235,0,normal
0.9988,1.0024,1.013,-0.0036,0.3174,0,normal
1.0159,0.9988,1.0024,0.0171,1.217,0,normal
1.0123,1.0159,0.9988,-0.0036,0.475,0,normal
0.9879,1.0123,1.0159,-0.0244,0.5114,0,normal
0.9893,0.9879,1.0123,0.0014,0.2454,0,normal
0.9994,0.9893,0.9879,0.0101,1.0369,0,normal
1.0081,0.9994,0.9893,0.0087,0.4019,0,normal
1.0093,1.0081,0.9994,0.0013,0.173,0,normal
0.9812,1.0093,1.0081,-0.0282,1.3924,0,normal
0.9855,0.9812,1.0093,0.0043,0.5948,0,normal
0.9995,0.9855,0.9812,0.014,0.7689,0,normal
1.0072,0.9995,0.9855,0.0078,1.1432,0,normal
0.9944,1.0072,0.9995,-0.0128,0.7595,0,normal
1.0043,0.9944,1.0072,0.0099,0.683,0,normal
1.0033,1.0043,0.9944,-0.001,0.3881,0,normal
0.984,1.0033,1.0043,-0.0192,1.0201,0,normal
0.9851,0.984,1.0033,0.0011,0.0849,0,normal
0.9915,0.9851,0.984,0.0065,0.661,0,normal
0.9831,0.9915,0.9851,-0.0084,0.5048,0,normal
1.0057,0.9831,0.9915,0.0225,0.6584,0,normal
1.0042,1.0057,0.9831,-0.0014,1.0918,0,normal
0.9934,1.0042,1.0057,-0.0108,0.9729,0,normal
1.0169,0.9934,1.0042,0.0235,0.9422,0,normal
1.0008,1.0169,0.9934,-0.0162,0.6364,0,normal
1.0136,1.0008,1.0169,0.0129,0.9029,0,normal
0.9909,1.0136,1.0008,-0.0228,0.6457,0,normal
0.9847,0.9909,1.0136,-0.0062,0.3578,0,normal
1.0169,0.9847,0.9909,0.0321,0.5761,0,normal
0.9877,1.0169,0.9847,-0.0292,0.7361,0,normal
1.0131,0.9877,1.0169,0.0254,0.5321,0,normal
1.0079,1.0131,0.9877,-0.0052,0.4366,0,normal
1.0148,1.0079,1.0131,0.0069,0.9382,0,normal
0.992,1.0148,1.0079,-0.0228,0.4112,0,normal
0.995,0.992,1.0148,0.003,0.3736,0,normal
0.9843,0.995,0.992,-0.0107,0.6906,0,normal
1.0065,0.9843,0.995,0.0221,0.4874,0,normal
1.0045,1.0065,0.9843,-0.002,0.0161,0,normal
0.986,1.0045,1.0065,-0.0185,1.283,0,normal
0.998,0.986,1.0045,0.0121,0.3967,0,normal
1.0018,0.998,0.986,0.0038,0.2375,0,normal
0.9831,1.0018,0.998,-0.0188,0.2966,0,normal
0.9824,0.9831,1.0018,-0.0007,0.1608,0,normal
1.0041,0.9824,0.9831,0.0217,0.109,0,normal
0.9985,1.0041,0.9824,-0.0056,0.9913,0,normal
0.9938,0.9985,1.0041,-0.0047,0.4644,0,normal
1.018,0.9938,0.9985,0.0242,0.0191,0,normal
0.9993,1.018,0.9938,-0.0187,0.067,0,normal
1.0071,0.9993,1.018,0.0078,0.0869,0,normal
1.0048,1.0071,0.9993,-0.0023,0.9177,0,normal
1.0147,1.0048,1.0071,0.0099,0.1931,0,normal
1.0155,1.0147,1.0048,0.0008,0.0146,0,normal
0.9972,1.0155,1.0147,-0.0183,0.9329,0,normal
1.0031,0.9972,1.0155,0.0059,0.5172,0,normal
0.9958,1.0031,0.9972,-0.0072,0.4005,0,normal
1.0164,0.9958,1.0031,0.0206,1.142,0,normal
0.9933,1.0164,0.9958,-0.0232,0.2775,0,normal
0.9947,0.9933,1.0164,0.0015,0.1307,0,normal
1.006,0.9947,0.9933,0.0112,1.3815,0,normal
0.9812,1.006,0.9947,-0.0248,0.9163,0,normal
1.0124,0.9812,1.006,0.0312,0.7368,0,normal
0.983,1.0124,0.9812,-0.0294,1.1006,0,normal
1.0158,0.983,1.0124,0.0328,0.0802,0,normal
0.9857,1.0158,0.983,-0.0301,0.2726,0,normal
0.9892,0.9857,1.0158,0.0035,1.095,0,normal
0.999,0.9892,0.9857,0.0099,0.2965,0,normal
1.0197,0.999,0.9892,0.0206,0.1528,0,normal
0.9964,1.0197,0.999,-0.0233,0.2756,0,normal
1.0146,0.9964,1.0197,0.0182,1.2733,0,normal
0.9922,1.0146,0.9964,-0.0224,0.7138,0,normal
0.9804,0.9922,1.0146,-0.0118,0.6739,0,normal
1.0022,0.9804,0.9922,0.0219,0.3279,0,normal
0.996,1.0022,0.9804,-0.0062,0.1875,0,normal
1.0009,0.996,1.0022,0.0048,1.151,0,normal
1.0064,1.0009,0.996,0.0056,1.3326,0,normal
0.986,1.0064,1.0009,-0.0204,1.3309,0,normal
1.0134,0.986,1.0064,0.0274,0.9482,0,normal
1.0165,1.0134,0.986,0.0031,0.5312,0,normal
0.9881,1.0165,1.0134,-0.0284,0.6338,0,normal
1.0056,0.9881,1.0165,0.0175,0.3125,0,normal
1.0081,1.0056,0.9881,0.0025,0.5616,0,normal
1.0063,1.0081,1.0056,-0.0018,0.653,0,normal
0.9952,1.0063,1.0081,-0.0111,0.8105,0,normal
1.0032,0.9952,1.0063,0.008,0.0378,0,normal
0.9966,1.0032,0.9952,-0.0065,1.3827,0,normal
0.9972,0.9966,1.0032,0.0006,0.7992,0,normal
0.9853,0.9972,0.9966,-0.0119,0.5613,0,normal
0.9973,0.9853,0.9972,0.012,0.6781,0,normal
1.0166,0.9973,0.9853,0.0193,0.4809,0,normal
0.9819,1.0166,0.9973,-0.0347,0.8241,0,normal
1.0006,0.9819,1.0166,0.0187,0.7571,0,normal
0.9811,1.0006,0.9819,-0.0195,0.9806,0,normal
1.0133,0.9811,1.0006,0.0322,0.5205,0,normal
0.9989,1.0133,0.9811,-0.0145,0.1378,0,normal
0.9827,0.9989,1.0133,-0.0161,0.038,0,normal
1.0102,0.9827,0.9989,0.0275,0.8354,0,normal
1.0073,1.0102,0.9827,-0.0029,0.6751,0,normal
0.9856,1.0073,1.0102,-0.0217,1.3992,0,normal
1.0122,0.9856,1.0073,0.0266,1.0274,0,normal
0.9834,1.0122,0.9856,-0.0288,0.2694,0,normal
0.985,0.9834,1.0122,0.0016,1.0614,0,normal
1.0063,0.985,0.9834,0.0213,0.9127,0,normal
0.9848,1.0063,0.985,-0.0215,0.3872,0,normal
1.019,0.9848,1.0063,0.0342,1.2435,0,normal
1.0007,1.019,0.9848,-0.0183,0.6781,0,normal
1.0097,1.0007,1.019,0.0089,1.0245,0,normal
1.0114,1.0097,1.0007,0.0017,0.5374,0,normal
1.0024,1.0114,1.0097,-0.009,0.9038,0,normal
0.98,1.0024,1.0114,-0.0224,1.2324,0,normal
0.9815,0.98,1.0024,0.0015,0.6327,0,normal
1.0175,0.9815,0.98,0.036,0.1609,0,normal
1.0191,1.0175,0.9815,0.0016,0.2161,0,normal
1.0122,1.0191,1.0175,-0.0069,0.4286,0,normal
0.9992,1.0122,1.0191,-0.013,0.0919,0,normal
1.0069,0.9992,1.0122,0.0077,0.0087,0,normal
1.0055,1.0069,0.9992,-0.0014,0.41,0,normal
1.0157,1.0055,1.0069,0.0101,0.9347,0,normal
0.9845,1.0157,1.0055,-0.0311,0.7547,0,normal
0.9901,0.9845,1.0157,0.0056,0.8348,0,normal
1.0113,0.9901,0.9845,0.0212,0.2911,0,normal
0.997,1.0113,0.9901,-0.0143,0.5658,0,normal
1.0048,0.997,1.0113,0.0078,0.6866,0,normal
1.002,1.0048,0.997,-0.0028,1.0584,0,normal
0.9966,1.002,1.0048,-0.0053,1.1674,0,normal
1.0172,0.9966,1.002,0.0206,0.7335,0,normal
0.984,1.0172,0.9966,-0.0332,1.0227,0,normal
0.9953,0.984,1.0172,0.0114,1.2697,0,normal
1.0002,0.9953,0.984,0.0049,0.1004,0,normal
1.0016,1.0002,0.9953,0.0014,0.7562,0,normal
1.0186,1.0016,1.0002,0.0171,0.0871,0,normal
0.9981,1.0186,1.0016,-0.0205,0.0521,0,normal
0.9892,0.9981,1.0186,-0.009,0.5595,0,normal
1.0179,0.9892,0.9981,0.0287,1.3403,0,normal
1.002,1.0179,0.9892,-0.0158,1.2051,0,normal
1.0131,1.002,1.0179,0.011,0.8285,0,normal
1.0173,1.0131,1.002,0.0043,1.1847,0,normal
0.9898,1.0173,1.0131,-0.0276,0.4758,0,normal
1.0011,0.9898,1.0173,0.0113,0.1467,0,normal
0.9983,1.0011,0.9898,-0.0028,1.2104,0,normal
2.8131,0.9983,1.0011,1.8148,3.4522,1,hazard
2.7917,2.8131,0.9983,-0.0214,3.8725,1,hazard
0.3015,2.7917,2.8131,-2.4901,3.975,1,hazard
1.3904,0.3015,2.7917,1.0889,2.6808,1,hazard
1.1121,1.3904,0.3015,-0.2784,2.8297,1,hazard
1.0105,1.1121,1.3904,-0.1015,2.4131,1,hazard
0.9922,1.0105,1.1121,-0.0183,2.4945,1,hazard
1.0113,0.9922,1.0105,0.0192,0.7088,0,normal
0.9894,1.0113,0.9922,-0.022,0.3743,0,normal
0.9979,0.9894,1.0113,0.0085,1.3041,0,normal
1.0049,0.9979,0.9894,0.007,0.4325,0,normal
0.9863,1.0049,0.9979,-0.0186,0.4304,0,normal
1.0064,0.9863,1.0049,0.0201,0.2333,0,normal
1.0144,1.0064,0.9863,0.0081,0.2483,0,normal
1.0031,1.0144,1.0064,-0.0113,0.8214,0,normal
0.992,1.0031,1.0144,-0.0111,1.0728,0,normal
0.9847,0.992,1.0031,-0.0073,0.8151,0,normal
0.9928,0.9847,0.992,0.0081,1.1549,0,normal
0.9998,0.9928,0.9847,0.0071,0.9262,0,normal
1.0129,0.9998,0.9928,0.0131,0.7783,0,normal
0.9885,1.0129,0.9998,-0.0244,0.2504,0,normal
0.9962,0.9885,1.0129,0.0076,1.3216,0,normal
1.0096,0.9962,0.9885,0.0134,0.2407,0,normal
0.9818,1.0096,0.9962,-0.0278,1.3262,0,normal
0.9961,0.9818,1.0096,0.0143,0.6668,0,normal
0.985,0.9961,0.9818,-0.0111,1.3749,0,normal
1.0119,0.985,0.9961,0.0269,0.8917,0,normal
1.0013,1.0119,0.985,-0.0106,1.2442,0,normal
0.9801,1.0013,1.0119,-0.0212,1.3737,0,normal
1.0001,0.9801,1.0013,0.0199,0.6393,0,normal
0.9916,1.0001,0.9801,-0.0084,1.2115,0,normal
1.0194,0.9916,1.0001,0.0277,0.8819,0,normal
0.9953,1.0194,0.9916,-0.0241,0.3711,0,normal
0.9928,0.9953,1.0194,-0.0025,1.0209,0,normal
0.9831,0.9928,0.9953,-0.0097,0.7816,0,normal
0.9987,0.9831,0.9928,0.0157,0.7013,0,normal
1.0061,0.9987,0.9831,0.0073,0.1169,0,normal
0.9999,1.0061,0.9987,-0.0061,0.6861,0,normal
0.989,0.9999,1.0061,-0.0109,1.3971,0,normal
0.9863,0.989,0.9999,-0.0027,0.9918,0,normal
1.0164,0.9863,0.989,0.0301,0.1628,0,normal
0.982,1.0164,0.9863,-0.0345,0.8971,0,normal
1.0004,0.982,1.0164,0.0184,0.3905,0,normal
1.0083,1.0004,0.982,0.0079,0.395,0,normal
1.0085,1.0083,1.0004,0.0002,1.07,0,normal
1.0132,1.0085,1.0083,0.0046,0.9789,0,normal
1.0195,1.0132,1.0085,0.0063,0.5212,0,normal
1.0051,1.0195,1.0132,-0.0143,0.3844,0,normal
0.9834,1.0051,1.0195,-0.0218,0.7116,0,normal
1.016,0.9834,1.0051,0.0326,0.7936,0,normal
1.0118,1.016,0.9834,-0.0042,1.2673,0,normal
0.9928,1.0118,1.016,-0.019,0.079,0,normal
1.0124,0.9928,1.0118,0.0196,1.0819,0,normal
1.0178,1.0124,0.9928,0.0054,0.1565,0,normal
1.0103,1.0178,1.0124,-0.0075,0.1588,0,normal
0.9945,1.0103,1.0178,-0.0158,0.2786,0,normal
1.0039,0.9945,1.0103,0.0094,0.0654,0,normal
1.001,1.0039,0.9945,-0.003,1.0606,0,normal
1.013,1.001,1.0039,0.0121,0.8858,0,normal
1.0109,1.013,1.001,-0.0021,0.1178,0,normal
0.9867,1.0109,1.013,-0.0242,1.0619,0,normal
1.0057,0.9867,1.0109,0.019,0.6847,0,normal
0.9848,1.0057,0.9867,-0.0208,0.6333,0,normal
0.9833,0.9848,1.0057,-0.0016,0.3849,0,normal
1.0098,0.9833,0.9848,0.0265,0.0945,0,normal
1.0104,1.0098,0.9833,0.0006,1.1881,0,normal
1.0092,1.0104,1.0098,-0.0012,0.266,0,normal
0.9874,1.0092,1.0104,-0.0218,0.3629,0,normal
1.0161,0.9874,1.0092,0.0286,0.1576,0,normal
1.0043,1.0161,0.9874,-0.0118,0.716,0,normal
0.9936,1.0043,1.0161,-0.0107,1.3845,0,normal
1.0166,0.9936,1.0043,0.023,1.2838,0,normal
1.009,1.0166,0.9936,-0.0077,0.2369,0,normal
0.9835,1.009,1.0166,-0.0254,0.1563,0,normal
1.0037,0.9835,1.009,0.0202,0.7259,0,normal
2.8149,1.0037,0.9835,1.8112,3.3669,1,hazard
2.7818,2.8149,1.0037,-0.0331,1.8755,1,hazard
0.3107,2.7818,2.8149,-2.4711,2.0129,1,hazard
1.3932,0.3107,2.7818,1.0825,1.9267,1,hazard
1.1025,1.3932,0.3107,-0.2907,2.9011,1,hazard
0.9899,1.1025,1.3932,-0.1126,3.0229,1,hazard
0.9994,0.9899,1.1025,0.0095,3.8277,1,hazard
0.9866,0.9994,0.9899,-0.0128,0.069,0,normal
1.0128,0.9866,0.9994,0.0262,0.4019,0,normal
1.0097,1.0128,0.9866,-0.0031,0.6198,0,normal
1.0121,1.0097,1.0128,0.0024,0.3922,0,normal
1.0174,1.0121,1.0097,0.0053,1.2966,0,normal
0.9872,1.0174,1.0121,-0.0302,0.3722,0,normal
0.9934,0.9872,1.0174,0.0062,0.1483,0,normal
0.987,0.9934,0.9872,-0.0064,0.6296,0,normal
0.9957,0.987,0.9934,0.0087,0.8457,0,normal
0.9939,0.9957,0.987,-0.0018,0.7183,0,normal
1.0004,0.9939,0.9957,0.0065,0.2779,0,normal
0.9959,1.0004,0.9939,-0.0045,0.8381,0,normal
1.0118,0.9959,1.0004,0.0159,1.1501,0,normal
1.0069,1.0118,0.9959,-0.005,0.9433,0,normal
1.0174,1.0069,1.0118,0.0105,0.9298,0,normal
1.0139,1.0174,1.0069,-0.0035,0.5078,0,normal
1.0067,1.0139,1.0174,-0.0072,0.976,0,normal
1.0122,1.0067,1.0139,0.0055,0.9012,0,normal
1.0174,1.0122,1.0067,0.0052,0.4759,0,normal
1.0063,1.0174,1.0122,-0.0111,1.0859,0,normal
0.9922,1.0063,1.0174,-0.0141,1.3764,0,normal
0.9902,0.9922,1.0063,-0.002,1.1282,0,normal
1.0009,0.9902,0.9922,0.0107,0.7236,0,normal
1.0095,1.0009,0.9902,0.0086,0.0138,0,normal
0.9904,1.0095,1.0009,-0.0191,0.8254,0,normal
0.9804,0.9904,1.0095,-0.01,1.3622,0,normal
0.9936,0.9804,0.9904,0.0132,0.0404,0,normal
1.0173,0.9936,0.9804,0.0237,0.0417,0,normal
0.9912,1.0173,0.9936,-0.0261,0.3141,0,normal
0.9912,0.9912,1.0173,0.0,0.169,0,normal
1.013,0.9912,0.9912,0.0218,0.3477,0,normal
1.0095,1.013,0.9912,-0.0034,1.0599,0,normal
1.0097,1.0095,1.013,0.0002,1.2402,0,normal
0.985,1.0097,1.0095,-0.0247,0.7844,0,normal
0.9892,0.985,1.0097,0.0042,0.7315,0,normal
1.3086,0.9892,0.985,0.3194,1.5385,1,caution
1.2875,1.3086,0.9892,-0.0211,1.7581,1,caution
1.3168,1.2875,1.3086,0.0292,1.329,0,caution
1.8051,1.3168,1.2875,0.4884,2.4752,1,caution
1.7944,1.8051,1.3168,-0.0108,1.7343,1,caution
1.483,1.7944,1.8051,-0.3114,1.6491,1,caution
1.4903,1.483,1.7944,0.0073,1.3733,0,caution
1.1877,1.4903,1.483,-0.3026,2.0619,1,caution
1.2074,1.1877,1.4903,0.0197,1.3363,0,caution
0.9937,1.2074,1.1877,-0.2136,2.3715,1,caution
1.012,0.9937,1.2074,0.0183,2.039,1,caution
1.0105,1.012,0.9937,-0.0015,0.3867,0,normal
0.9957,1.0105,1.012,-0.0148,0.9612,0,normal
0.9844,0.9957,1.0105,-0.0113,1.3904,0,normal
0.9988,0.9844,0.9957,0.0144,0.8418,0,normal
1.0004,0.9988,0.9844,0.0016,1.3935,0,normal
0.9993,1.0004,0.9988,-0.0011,0.3174,0,normal
0.9904,0.9993,1.0004,-0.0089,0.7915,0,normal
1.0092,0.9904,0.9993,0.0188,0.3509,0,normal
1.0171,1.0092,0.9904,0.0079,1.2659,0,normal
1.007,1.0171,1.0092,-0.0101,0.9556,0,normal
0.9826,1.007,1.0171,-0.0244,0.0711,0,normal
1.0016,0.9826,1.007,0.0191,0.5593,0,normal
1.0198,1.0016,0.9826,0.0181,0.2262,0,normal
1.0085,1.0198,1.0016,-0.0113,0.4579,0,normal
0.996,1.0085,1.0198,-0.0125,0.161,0,normal
1.0168,0.996,1.0085,0.0209,1.1165,0,normal
0.9967,1.0168,0.996,-0.0202,0.4441,0,normal
1.0024,0.9967,1.0168,0.0057,1.0097,0,normal
0.9926,1.0024,0.9967,-0.0098,0.6923,0,normal
1.0002,0.9926,1.0024,0.0076,1.2185,0,normal
0.9841,1.0002,0.9926,-0.0161,0.3485,0,normal
1.0032,0.9841,1.0002,0.0191,1.267,0,normal
1.0039,1.0032,0.9841,0.0007,0.5623,0,normal
1.0175,1.0039,1.0032,0.0136,1.325,0,normal
1.0165,1.0175,1.0039,-0.0011,0.6711,0,normal
1.019,1.0165,1.0175,0.0025,0.4769,0,normal
1.0004,1.019,1.0165,-0.0186,0.3524,0,normal
0.9933,1.0004,1.019,-0.0071,0.3292,0,normal
0.9971,0.9933,1.0004,0.0038,1.005,0,normal
0.9924,0.9971,0.9933,-0.0048,1.2344,0,normal
1.0041,0.9924,0.9971,0.0117,0.5347,0,normal
1.0026,1.0041,0.9924,-0.0015,0.7938,0,normal
1.0136,1.0026,1.0041,0.011,0.0534,0,normal
1.0037,1.0136,1.0026,-0.0099,0.3443,0,normal
0.9913,1.0037,1.0136,-0.0124,0.3995,0,normal
1.0139,0.9913,1.0037,0.0227,1.3976,0,normal
0.9906,1.0139,0.9913,-0.0233,0.493,0,normal
1.0177,0.9906,1.0139,0.0271,0.8666,0,normal
1.0022,1.0177,0.9906,-0.0154,1.2235,0,normal
1.0008,1.0022,1.0177,-0.0015,1.0391,0,normal
1.0017,1.0008,1.0022,0.001,0.921,0,normal
0.9912,1.0017,1.0008,-0.0106,0.4722,0,normal
0.9888,0.9912,1.0017,-0.0023,0.8732,0,normal
0.9843,0.9888,0.9912,-0.0045,1.1557,0,normal
1.0116,0.9843,0.9888,0.0273,1.2177,0,normal
1.0171,1.0116,0.9843,0.0056,0.2876,0,normal
1.0021,1.0171,1.0116,-0.015,1.0945,0,normal
0.9968,1.0021,1.0171,-0.0053,0.3521,0,normal
1.3109,0.9968,1.0021,0.3141,1.5361,1,caution
1.3071,1.3109,0.9968,-0.0038,2.2717,1,caution
1.3079,1.3071,1.3109,0.0008,1.8189,1,caution
1.8181,1.3079,1.3071,0.5102,1.4496,0,caution
1.7816,1.8181,1.3079,-0.0365,2.1116,1,caution
1.4809,1.7816,1.8181,-0.3007,2.3857,1,caution
1.5144,1.4809,1.7816,0.0335,2.3888,1,caution
1.1949,1.5144,1.4809,-0.3195,1.5738,1,caution
1.2102,1.1949,1.5144,0.0154,1.055,0,caution
1.0009,1.2102,1.1949,-0.2093,1.3028,0,caution
0.987,1.0009,1.2102,-0.0139,1.4127,0,caution
1.0097,0.987,1.0009,0.0227,0.5929,0,normal
1.0052,1.0097,0.987,-0.0045,0.7106,0,normal
1.0023,1.0052,1.0097,-0.0029,0.0541,0,normal
1.014,1.0023,1.0052,0.0117,1.0289,0,normal
0.9833,1.014,1.0023,-0.0307,1.2308,0,normal
1.0105,0.9833,1.014,0.0272,1.037,0,normal
1.0009,1.0105,0.9833,-0.0096,1.2886,0,normal
0.9967,1.0009,1.0105,-0.0042,0.9716,0,normal
0.9891,0.9967,1.0009,-0.0075,0.563,0,normal
0.9821,0.9891,0.9967,-0.007,0.5473,0,normal
1.0169,0.9821,0.9891,0.0348,0.7758,0,normal
1.0064,1.0169,0.9821,-0.0105,0.0199,0,normal
0.9942,1.0064,1.0169,-0.0122,1.1098,0,normal
1.0192,0.9942,1.0064,0.025,0.4964,0,normal
0.9948,1.0192,0.9942,-0.0244,1.1699,0,normal
0.9932,0.9948,1.0192,-0.0016,0.0556,0,normal
1.0058,0.9932,0.9948,0.0126,1.29,0,normal
1.016,1.0058,0.9932,0.0102,1.0041,0,normal
1.0167,1.016,1.0058,0.0007,0.1104,0,normal
0.9984,1.0167,1.016,-0.0183,0.8118,0,normal
1.0102,0.9984,1.0167,0.0118,0.6921,0,normal
1.0193,1.0102,0.9984,0.0091,1.2249,0,normal
0.9995,1.0193,1.0102,-0.0198,0.6814,0,normal
1.0117,0.9995,1.0193,0.0122,0.4615,0,normal
0.9816,1.0117,0.9995,-0.03,0.2492,0,normal
0.9944,0.9816,1.0117,0.0128,1.1736,0,normal
0.9813,0.9944,0.9816,-0.0131,0.5585,0,normal
1.0117,0.9813,0.9944,0.0304,1.1096,0,normal
0.9859,1.0117,0.9813,-0.0258,1.1094,0,normal
1.008,0.9859,1.0117,0.0221,0.3369,0,normal
0.9956,1.008,0.9859,-0.0123,0.2949,0,normal
0.9931,0.9956,1.008,-0.0026,0.7592,0,normal
0.9934,0.9931,0.9956,0.0003,0.8643,0,normal
1.0161,0.9934,0.9931,0.0227,1.2393,0,normal
1.0013,1.0161,0.9934,-0.0148,0.2686,0,normal
1.0111,1.0013,1.0161,0.0098,0.3879,0,normal
1.0095,1.0111,1.0013,-0.0016,0.3006,0,normal
1.0052,1.0095,1.0111,-0.0043,0.5256,0,normal
1.0165,1.0052,1.0095,0.0114,0.8298,0,normal
1.0128,1.0165,1.0052,-0.0037,0.0122,0,normal
0.9932,1.0128,1.0165,-0.0196,0.2237,0,normal
0.9828,0.9932,1.0128,-0.0104,0.6898,0,normal
1.0058,0.9828,0.9932,0.023,1.2848,0,normal
0.9915,1.0058,0.9828,-0.0143,0.2668,0,normal
1.0172,0.9915,1.0058,0.0257,0.2397,0,normal
0.9932,1.0172,0.9915,-0.0239,0.2002,0,normal
1.0142,0.9932,1.0172,0.021,0.479,0,normal
1.0004,1.0142,0.9932,-0.0138,1.1001,0,normal
1.0091,1.0004,1.0142,0.0087,1.0705,0,normal
0.9935,1.0091,1.0004,-0.0156,0.2154,0,normal
1.0032,0.9935,1.0091,0.0097,0.6907,0,normal
1.0068,1.0032,0.9935,0.0036,0.0543,0,normal
1.0074,1.0068,1.0032,0.0006,1.033,0,normal
1.0055,1.0074,1.0068,-0.0019,0.0795,0,normal
1.0127,1.0055,1.0074,0.0071,0.1813,0,normal
1.0048,1.0127,1.0055,-0.0078,0.518,0,normal
1.018,1.0048,1.0127,0.0132,0.4027,0,normal
1.011,1.018,1.0048,-0.007,1.2627,0,normal
2.8185,1.011,1.018,1.8075,3.2486,1,hazard
2.8043,2.8185,1.011,-0.0142,3.8605,1,hazard
0.2843,2.8043,2.8185,-2.5201,3.8222,1,hazard
1.4189,0.2843,2.8043,1.1347,2.9921,1,hazard
1.1005,1.4189,0.2843,-0.3184,3.9472,1,hazard
0.9819,1.1005,1.4189,-0.1186,3.8084,1,hazard
0.9838,0.9819,1.1005,0.0019,1.9403,1,hazard
0.9912,0.9838,0.9819,0.0074,1.2038,0,normal
0.9941,0.9912,0.9838,0.003,0.1929,0,normal
1.0052,0.9941,0.9912,0.0111,0.7764,0,normal
0.985,1.0052,0.9941,-0.0202,0.5131,0,normal
0.9866,0.985,1.0052,0.0017,0.2209,0,normal
1.0125,0.9866,0.985,0.0258,0.3676,0,normal
0.9927,1.0125,0.9866,-0.0198,0.1167,0,normal
0.9829,0.9927,1.0125,-0.0097,0.6876,0,normal
0.9878,0.9829,0.9927,0.0049,0.428,0,normal
0.9942,0.9878,0.9829,0.0063,1.0699,0,normal
1.014,0.9942,0.9878,0.0199,0.883,0,normal
0.985,1.014,0.9942,-0.029,0.556,0,normal
1.004,0.985,1.014,0.019,1.0464,0,normal
1.0023,1.004,0.985,-0.0017,0.8542,0,normal
0.9859,1.0023,1.004,-0.0164,0.3561,0,normal
1.0004,0.9859,1.0023,0.0145,0.2137,0,normal
0.9997,1.0004,0.9859,-0.0007,0.8775,0,normal
1.0011,0.9997,1.0004,0.0014,1.3924,0,normal
1.0085,1.0011,0.9997,0.0074,0.2976,0,normal
1.0147,1.0085,1.0011,0.0062,0.2205,0,normal
1.0035,1.0147,1.0085,-0.0112,1.0957,0,normal
0.9832,1.0035,1.0147,-0.0202,0.8958,0,normal
1.0195,0.9832,1.0035,0.0363,0.3788,0,normal
1.0176,1.0195,0.9832,-0.0019,1.3204,0,normal
0.9946,1.0176,1.0195,-0.023,1.2411,0,normal
0.9869,0.9946,1.0176,-0.0077,0.8692,0,normal
0.9921,0.9869,0.9946,0.0053,0.833,0,normal
0.9872,0.9921,0.9869,-0.0049,0.0349,0,normal
1.0064,0.9872,0.9921,0.0192,0.1458,0,normal
0.9896,1.0064,0.9872,-0.0168,1.2085,0,normal
1.0128,0.9896,1.0064,0.0232,0.2503,0,normal
1.0048,1.0128,0.9896,-0.008,0.6994,0,normal
0.9916,1.0048,1.0128,-0.0133,0.6368,0,normal
0.9853,0.9916,1.0048,-0.0062,0.597,0,normal
0.9991,0.9853,0.9916,0.0137,1.1065,0,normal
1.0188,0.9991,0.9853,0.0197,0.5655,0,normal
1.0197,1.0188,0.9991,0.0009,0.2147,0,normal
1.013,1.0197,1.0188,-0.0067,1.009,0,normal
0.9831,1.013,1.0197,-0.0299,0.585,0,normal
0.9895,0.9831,1.013,0.0064,1.3979,0,normal
1.0197,0.9895,0.9831,0.0302,0.7244,0,normal
0.9959,1.0197,0.9895,-0.0239,0.3842,0,normal
1.016,0.9959,1.0197,0.0201,0.068,0,normal
0.9878,1.016,0.9959,-0.0282,0.2677,0,normal
1.0197,0.9878,1.016,0.032,0.8262,0,normal
0.9963,1.0197,0.9878,-0.0234,0.3558,0,normal
1.0124,0.9963,1.0197,0.016,1.1767,0,normal
0.9899,1.0124,0.9963,-0.0224,0.3282,0,normal
0.9832,0.9899,1.0124,-0.0067,0.5095,0,normal
1.0038,0.9832,0.9899,0.0206,1.1333,0,normal
0.988,1.0038,0.9832,-0.0158,0.7042,0,normal
1.0081,0.988,1.0038,0.0201,0.8856,0,normal
0.9844,1.0081,0.988,-0.0237,0.9454,0,normal
1.0171,0.9844,1.0081,0.0327,0.9736,0,normal
0.9906,1.0171,0.9844,-0.0265,0.1804,0,normal
0.9828,0.9906,1.0171,-0.0078,1.2228,0,normal
1.0013,0.9828,0.9906,0.0186,0.2438,0,normal
1.0044,1.0013,0.9828,0.0031,1.1002,0,normal
1.0033,1.0044,1.0013,-0.0011,1.3281,0,normal
0.9898,1.0033,1.0044,-0.0135,1.2523,0,normal
0.9828,0.9898,1.0033,-0.007,0.7354,0,normal
0.986,0.9828,0.9898,0.0032,0.9149,0,normal
0.9906,0.986,0.9828,0.0046,0.0739,0,normal
0.9976,0.9906,0.986,0.0069,1.1054,0,normal
1.0015,0.9976,0.9906,0.0039,1.2138,0,normal
0.9953,1.0015,0.9976,-0.0062,0.9458,0,normal
1.0162,0.9953,1.0015,0.0209,0.0611,0,normal
1.0177,1.0162,0.9953,0.0016,0.3731,0,normal
1.0186,1.0177,1.0162,0.0009,0.2562,0,normal
1.0043,1.0186,1.0177,-0.0143,1.1299,0,normal
1.0173,1.0043,1.0186,0.013,1.0369,0,normal
1.0051,1.0173,1.0043,-0.0122,0.8484,0,normal
0.9961,1.0051,1.0173,-0.009,0.797,0,normal
1.0132,0.9961,1.0051,0.0171,0.1544,0,normal
1.0003,1.0132,0.9961,-0.0129,1.3812,0,normal
0.9813,1.0003,1.0132,-0.019,0.6665,0,normal
1.0172,0.9813,1.0003,0.0359,1.0569,0,normal
1.0081,1.0172,0.9813,-0.0091,0.8718,0,normal
1.0,1.0081,1.0172,-0.0081,0.5094,0,normal
0.9834,1.0,1.0081,-0.0166,1.1002,0,normal
0.9991,0.9834,1.0,0.0157,0.5708,0,normal
0.9833,0.9991,0.9834,-0.0158,0.3665,0,normal
1.0073,0.9833,0.9991,0.024,0.4612,0,normal
0.9927,1.0073,0.9833,-0.0146,0.7635,0,normal
1.0125,0.9927,1.0073,0.0198,1.3699,0,normal
0.9913,1.0125,0.9927,-0.0212,0.0874,0,normal
1.0148,0.9913,1.0125,0.0235,0.155,0,normal
0.9905,1.0148,0.9913,-0.0243,1.1718,0,normal
0.998,0.9905,1.0148,0.0075,0.5459,0,normal
0.9821,0.998,0.9905,-0.0159,0.6518,0,normal
0.9867,0.9821,0.998,0.0046,0.0027,0,normal
0.9832,0.9867,0.9821,-0.0035,0.4308,0,normal
1.0142,0.9832,0.9867,0.0311,1.243,0,normal
1.3166,1.0142,0.9832,0.3023,1.0979,0,caution
1.2872,1.3166,1.0142,-0.0294,1.3606,0,caution
1.3062,1.2872,1.3166,0.019,1.2581,0,caution
1.7963,1.3062,1.2872,0.4901,2.1414,1,caution
1.8169,1.7963,1.3062,0.0206,1.0858,0,caution
1.4913,1.8169,1.7963,-0.3256,2.4652,1,caution
1.5067,1.4913,1.8169,0.0154,1.5977,1,caution
1.2145,1.5067,1.4913,-0.2922,1.5201,1,caution
1.2154,1.2145,1.5067,0.0009,2.2218,1,caution
1.0111,1.2154,1.2145,-0.2044,1.7564,1,caution
1.0138,1.0111,1.2154,0.0027,1.2493,0,caution
1.0174,1.0138,1.0111,0.0036,0.028,0,normal
0.998,1.0174,1.0138,-0.0194,0.8304,0,normal
0.9883,0.998,1.0174,-0.0097,1.3329,0,normal
0.9919,0.9883,0.998,0.0036,0.9012,0,normal
1.0177,0.9919,0.9883,0.0259,0.1312,0,normal
0.9992,1.0177,0.9919,-0.0186,0.4207,0,normal
1.0007,0.9992,1.0177,0.0015,0.9959,0,normal
0.9846,1.0007,0.9992,-0.0161,0.4174,0,normal
0.9928,0.9846,1.0007,0.0083,1.2584,0,normal
0.9935,0.9928,0.9846,0.0007,0.9289,0,normal
1.0085,0.9935,0.9928,0.015,0.7945,0,normal
0.986,1.0085,0.9935,-0.0225,0.3235,0,normal
1.0014,0.986,1.0085,0.0153,0.9812,0,normal
0.9957,1.0014,0.986,-0.0056,0.7326,0,normal
1.0061,0.9957,1.0014,0.0104,0.1068,0,normal
1.0012,1.0061,0.9957,-0.0049,0.7423,0,normal
0.9972,1.0012,1.0061,-0.004,0.961,0,normal
0.9912,0.9972,1.0012,-0.006,0.7844,0,normal
1.0064,0.9912,0.9972,0.0152,0.4966,0,normal
1.002,1.0064,0.9912,-0.0044,0.9898,0,normal
0.9916,1.002,1.0064,-0.0103,1.3334,0,normal
1.0111,0.9916,1.002,0.0195,0.68,0,normal
0.9976,1.0111,0.9916,-0.0136,0.3722,0,normal
0.9837,0.9976,1.0111,-0.0139,1.2,0,normal
0.9838,0.9837,0.9976,0.0001,1.0638,0,normal
0.9855,0.9838,0.9837,0.0017,0.8334,0,normal
0.9824,0.9855,0.9838,-0.0031,0.5496,0,normal
0.991,0.9824,0.9855,0.0087,0.5691,0,normal
1.0193,0.991,0.9824,0.0283,0.6657,0,normal
1.0196,1.0193,0.991,0.0003,1.332,0,normal
1.0033,1.0196,1.0193,-0.0164,0.7272,0,normal
1.0053,1.0033,1.0196,0.0021,0.524,0,normal
1.0107,1.0053,1.0033,0.0053,0.5616,0,normal
1.0153,1.0107,1.0053,0.0047,1.3807,0,normal
1.015,1.0153,1.0107,-0.0003,0.1302,0,normal
0.982,1.015,1.0153,-0.0329,1.0051,0,normal
1.2872,0.982,1.015,0.3052,2.0129,1,caution
1.2948,1.2872,0.982,0.0076,1.3513,0,caution
1.2941,1.2948,1.2872,-0.0008,1.0443,0,caution
1.8185,1.2941,1.2948,0.5245,2.1354,1,caution
1.7888,1.8185,1.2941,-0.0297,1.7008,1,caution
1.5193,1.7888,1.8185,-0.2695,2.0212,1,caution
1.4922,1.5193,1.7888,-0.0271,1.5947,1,caution
1.2149,1.4922,1.5193,-0.2773,1.4551,0,caution
1.1817,1.2149,1.4922,-0.0333,1.6937,1,caution
0.9933,1.1817,1.2149,-0.1884,2.4068,1,caution
1.0077,0.9933,1.1817,0.0145,1.1572,0,caution
0.9943,1.0077,0.9933,-0.0134,1.3273,0,normal
1.0115,0.9943,1.0077,0.0172,1.3637,0,normal
1.0029,1.0115,0.9943,-0.0086,0.5366,0,normal
1.0083,1.0029,1.0115,0.0054,0.6359,0,normal
0.9842,1.0083,1.0029,-0.0241,0.8387,0,normal
0.9825,0.9842,1.0083,-0.0017,1.0048,0,normal
1.0129,0.9825,0.9842,0.0304,1.2803,0,normal
1.0113,1.0129,0.9825,-0.0016,0.0022,0,normal
0.9931,1.0113,1.0129,-0.0182,0.2813,0,normal
1.0119,0.9931,1.0113,0.0188,0.1535,0,normal
1.0036,1.0119,0.9931,-0.0083,1.238,0,normal
1.0084,1.0036,1.0119,0.0048,0.7345,0,normal
1.0171,1.0084,1.0036,0.0087,0.7253,0,normal
1.0057,1.0171,1.0084,-0.0114,0.1663,0,normal
0.9907,1.0057,1.0171,-0.015,0.194,0,normal
0.9847,0.9907,1.0057,-0.0061,0.869,0,normal
1.0139,0.9847,0.9907,0.0292,0.8365,0,normal
0.9897,1.0139,0.9847,-0.0242,0.7782,0,normal
1.012,0.9897,1.0139,0.0223,0.2142,0,normal
1.0134,1.012,0.9897,0.0014,1.2611,0,normal
0.9982,1.0134,1.012,-0.0152,1.3269,0,normal
1.0193,0.9982,1.0134,0.0212,0.5412,0,normal
0.986,1.0193,0.9982,-0.0333,0.5718,0,normal
0.9852,0.986,1.0193,-0.0009,0.7621,0,normal
0.9919,0.9852,0.986,0.0067,1.1532,0,normal
1.0031,0.9919,0.9852,0.0112,0.8155,0,normal
0.9848,1.0031,0.9919,-0.0183,0.0661,0,normal
0.998,0.9848,1.0031,0.0133,1.2697,0,normal
1.0158,0.998,0.9848,0.0177,0.9661,0,normal
0.9971,1.0158,0.998,-0.0187,0.1055,0,normal
1.0039,0.9971,1.0158,0.0068,0.5313,0,normal
0.989,1.0039,0.9971,-0.015,0.8396,0,normal
0.9964,0.989,1.0039,0.0075,0.5604,0,normal
1.0089,0.9964,0.989,0.0125,0.7068,0,normal
0.9982,1.0089,0.9964,-0.0107,0.3675,0,normal
0.9934,0.9982,1.0089,-0.0049,0.917,0,normal
0.9961,0.9934,0.9982,0.0028,0.6587,0,normal
0.9889,0.9961,0.9934,-0.0072,0.3604,0,normal
1.0062,0.9889,0.9961,0.0173,1.3265,0,normal
0.9911,1.0062,0.9889,-0.0151,1.0905,0,normal
0.9915,0.9911,1.0062,0.0004,0.3887,0,normal
0.9872,0.9915,0.9911,-0.0043,0.0287,0,normal
1.0137,0.9872,0.9915,0.0265,0.0602,0,normal
0.9861,1.0137,0.9872,-0.0276,0.1816,0,normal
1.0054,0.9861,1.0137,0.0193,0.1323,0,normal
1.0038,1.0054,0.9861,-0.0016,0.7816,0,normal
2.7943,1.0038,1.0054,1.7904,3.4922,1,hazard
2.8054,2.7943,1.0038,0.0112,2.8338,1,hazard
0.2886,2.8054,2.7943,-2.5169,2.2292,1,hazard
1.4155,0.2886,2.8054,1.1269,1.9653,1,hazard
1.0842,1.4155,0.2886,-0.3313,3.7722,1,hazard
1.0084,1.0842,1.4155,-0.0758,3.0883,1,hazard
1.0189,1.0084,1.0842,0.0105,3.5609,1,hazard
0.9893,1.0189,1.0084,-0.0296,1.1403,0,normal
1.0147,0.9893,1.0189,0.0254,1.0748,0,normal
0.9949,1.0147,0.9893,-0.0198,0.79,0,normal
1.0109,0.9949,1.0147,0.016,0.3496,0,normal
1.0077,1.0109,0.9949,-0.0032,1.0648,0,normal
1.0028,1.0077,1.0109,-0.005,0.1575,0,normal
0.9997,1.0028,1.0077,-0.003,1.2562,0,normal
1.2819,0.9997,1.0028,0.2822,2.4756,1,caution
1.2906,1.2819,0.9997,0.0087,1.55,1,caution
1.3137,1.2906,1.2819,0.0231,1.5654,1,caution
1.8073,1.3137,1.2906,0.4936,1.2175,0,caution
1.7824,1.8073,1.3137,-0.0249,2.3911,1,caution
1.5077,1.7824,1.8073,-0.2748,1.402,0,caution
1.5105,1.5077,1.7824,0.0028,1.4072,0,caution
1.1971,1.5105,1.5077,-0.3133,1.5246,1,caution
1.2062,1.1971,1.5105,0.0091,1.2991,0,caution
1.0136,1.2062,1.1971,-0.1926,1.1789,0,caution
0.9997,1.0136,1.2062,-0.0139,1.6751,1,caution
0.9954,0.9997,1.0136,-0.0043,0.9686,0,normal
1.0122,0.9954,0.9997,0.0167,1.1915,0,normal
0.999,1.0122,0.9954,-0.0132,0.1085,0,normal
0.9834,0.999,1.0122,-0.0156,0.618,0,normal
1.0185,0.9834,0.999,0.0351,1.0218,0,normal
0.9831,1.0185,0.9834,-0.0353,1.3451,0,normal
0.9904,0.9831,1.0185,0.0073,0.4552,0,normal
1.0154,0.9904,0.9831,0.025,1.0749,0,normal
0.9924,1.0154,0.9904,-0.023,0.0612,0,normal
1.0117,0.9924,1.0154,0.0192,1.3471,0,normal
1.3134,1.0117,0.9924,0.3017,2.4568,1,caution
1.2894,1.3134,1.0117,-0.0239,2.1965,1,caution
1.2982,1.2894,1.3134,0.0087,2.1898,1,caution
1.8,1.2982,1.2894,0.5019,2.0466,1,caution
1.7986,1.8,1.2982,-0.0014,1.2637,0,caution
1.5086,1.7986,1.8,-0.2901,1.4188,0,caution
1.5192,1.5086,1.7986,0.0106,1.0994,0,caution
1.2073,1.5192,1.5086,-0.3119,2.2481,1,caution
1.2163,1.2073,1.5192,0.009,1.5602,1,caution
0.9994,1.2163,1.2073,-0.2169,2.0064,1,caution
1.0082,0.9994,1.2163,0.0088,1.3757,0,caution
0.9828,1.0082,0.9994,-0.0254,0.5307,0,normal
1.0091,0.9828,1.0082,0.0263,0.8319,0,normal
1.008,1.0091,0.9828,-0.001,0.0993,0,normal
1.0079,1.008,1.0091,-0.0002,0.599,0,normal
0.9956,1.0079,1.008,-0.0122,0.703,0,normal
0.9972,0.9956,1.0079,0.0015,1.0563,0,normal
0.9905,0.9972,0.9956,-0.0066,0.6374,0,normal
1.0134,0.9905,0.9972,0.0229,0.3361,0,normal
0.984,1.0134,0.9905,-0.0295,0.3261,0,normal
0.995,0.984,1.0134,0.0111,0.9898,0,normal
1.0018,0.995,0.984,0.0068,0.1384,0,normal
0.9949,1.0018,0.995,-0.0069,0.5411,0,normal
0.9829,0.9949,1.0018,-0.0119,1.1226,0,normal
1.0155,0.9829,0.9949,0.0325,0.9977,0,normal
0.9871,1.0155,0.9829,-0.0283,1.1392,0,normal
1.0075,0.9871,1.0155,0.0204,0.8924,0,normal
1.0172,1.0075,0.9871,0.0097,0.0038,0,normal
1.019,1.0172,1.0075,0.0017,0.8531,0,normal
0.9932,1.019,1.0172,-0.0258,0.0093,0,normal
1.0018,0.9932,1.019,0.0086,0.8763,0,normal
0.9985,1.0018,0.9932,-0.0033,0.8465,0,normal
0.9911,0.9985,1.0018,-0.0075,1.0961,0,normal
0.9849,0.9911,0.9985,-0.0061,1.1467,0,normal
0.9979,0.9849,0.9911,0.013,0.8844,0,normal
0.98,0.9979,0.9849,-0.0179,0.4509,0,normal
1.0117,0.98,0.9979,0.0317,0.4794,0,normal
1.0153,1.0117,0.98,0.0036,0.2867,0,normal
1.018,1.0153,1.0117,0.0027,1.0978,0,normal
1.0125,1.018,1.0153,-0.0055,0.3598,0,normal
0.9827,1.0125,1.018,-0.0298,0.3508,0,normal
1.0096,0.9827,1.0125,0.0269,1.356,0,normal
1.0012,1.0096,0.9827,-0.0084,0.693,0,normal
0.9858,1.0012,1.0096,-0.0153,0.5245,0,normal
0.9911,0.9858,1.0012,0.0052,0.1397,0,normal
1.0115,0.9911,0.9858,0.0204,1.268,0,normal
1.0064,1.0115,0.9911,-0.0051,1.0426,0,normal
0.9917,1.0064,1.0115,-0.0147,0.4773,0,normal
1.0127,0.9917,1.0064,0.021,1.1849,0,normal
1.0045,1.0127,0.9917,-0.0082,0.8277,0,normal
0.9964,1.0045,1.0127,-0.0081,1.2815,0,normal
1.0073,0.9964,1.0045,0.0109,0.1779,0,normal
0.9841,1.0073,0.9964,-0.0232,0.0598,0,normal
1.0027,0.9841,1.0073,0.0187,1.3386,0,normal
0.9884,1.0027,0.9841,-0.0144,0.1331,0,normal
0.9845,0.9884,1.0027,-0.0039,0.9762,0,normal
1.0079,0.9845,0.9884,0.0234,0.8542,0,normal
1.0176,1.0079,0.9845,0.0098,1.0243,0,normal
0.9974,1.0176,1.0079,-0.0203,1.2056,0,normal
1.008,0.9974,1.0176,0.0106,0.0096,0,normal
0.987,1.008,0.9974,-0.021,0.4432,0,normal
1.0048,0.987,1.008,0.0179,0.3017,0,normal
0.9928,1.0048,0.987,-0.012,0.0826,0,normal
0.994,0.9928,1.0048,0.0012,0.5035,0,normal
1.0192,0.994,0.9928,0.0252,0.7408,0,normal
0.9986,1.0192,0.994,-0.0206,0.2728,0,normal
1.0149,0.9986,1.0192,0.0163,0.0406,0,normal
0.9961,1.0149,0.9986,-0.0189,1.2435,0,normal
0.9827,0.9961,1.0149,-0.0134,0.1451,0,normal
1.0121,0.9827,0.9961,0.0295,0.3663,0,normal
1.0109,1.0121,0.9827,-0.0013,1.1277,0,normal
1.0097,1.0109,1.0121,-0.0012,0.4375,0,normal
0.9817,1.0097,1.0109,-0.028,0.3986,0,normal
1.0113,0.9817,1.0097,0.0296,0.5594,0,normal
0.999,1.0113,0.9817,-0.0123,1.3737,0,normal
1.0136,0.999,1.0113,0.0146,0.8399,0,normal
0.9927,1.0136,0.999,-0.0209,1.3821,0,normal
0.9819,0.9927,1.0136,-0.0108,0.1922,0,normal
0.9916,0.9819,0.9927,0.0097,1.3446,0,normal
1.0053,0.9916,0.9819,0.0137,0.3695,0,normal
0.9995,1.0053,0.9916,-0.0059,0.9106,0,normal
0.9848,0.9995,1.0053,-0.0146,0.7769,0,normal
1.0108,0.9848,0.9995,0.026,0.0509,0,normal
1.0017,1.0108,0.9848,-0.0091,1.0625,0,normal
0.9902,1.0017,1.0108,-0.0115,0.8412,0,normal
1.012,0.9902,1.0017,0.0217,0.9703,0,normal
0.9997,1.012,0.9902,-0.0123,0.5862,0,normal
0.9916,0.9997,1.012,-0.0081,1.0245,0,normal
1.0094,0.9916,0.9997,0.0178,1.0698,0,normal
0.9954,1.0094,0.9916,-0.014,1.1841,0,normal
0.9874,0.9954,1.0094,-0.0081,0.9461,0,normal
1.0179,0.9874,0.9954,0.0306,1.2568,0,normal
0.9895,1.0179,0.9874,-0.0284,1.3813,0,normal
0.9826,0.9895,1.0179,-0.0069,0.0398,0,normal
1.0094,0.9826,0.9895,0.0268,0.4225,0,normal
1.0042,1.0094,0.9826,-0.0052,0.6377,0,normal
0.9858,1.0042,1.0094,-0.0184,0.369,0,normal
1.0059,0.9858,1.0042,0.0201,0.7809,0,normal
1.0092,1.0059,0.9858,0.0033,0.6558,0,normal
1.0116,1.0092,1.0059,0.0024,1.0545,0,normal
1.0153,1.0116,1.0092,0.0037,1.2947,0,normal
1.0092,1.0153,1.0116,-0.0062,0.3563,0,normal
1.0037,1.0092,1.0153,-0.0054,0.1714,0,normal
1.0114,1.0037,1.0092,0.0076,0.3329,0,normal
1.0052,1.0114,1.0037,-0.0061,0.7373,0,normal
1.0037,1.0052,1.0114,-0.0015,0.5607,0,normal
1.016,1.0037,1.0052,0.0123,1.2257,0,normal
1.0149,1.016,1.0037,-0.0011,1.0094,0,normal
1.0016,1.0149,1.016,-0.0133,0.7114,0,normal
0.9856,1.0016,1.0149,-0.0161,0.501,0,normal
0.991,0.9856,1.0016,0.0054,0.4973,0,normal
0.9841,0.991,0.9856,-0.0069,0.9812,0,normal
0.9878,0.9841,0.991,0.0037,0.523,0,normal
0.9996,0.9878,0.9841,0.0118,0.9218,0,normal
0.9995,0.9996,0.9878,-0.0,1.2353,0,normal
1.0171,0.9995,0.9996,0.0176,0.5396,0,normal
1.0066,1.0171,0.9995,-0.0106,0.4903,0,normal
0.9967,1.0066,1.0171,-0.0099,0.4639,0,normal
1.0198,0.9967,1.0066,0.0231,0.9873,0,normal
0.9904,1.0198,0.9967,-0.0294,0.8613,0,normal
1.0151,0.9904,1.0198,0.0247,1.2387,0,normal
1.0074,1.0151,0.9904,-0.0078,0.1286,0,normal
0.9957,1.0074,1.0151,-0.0117,0.4373,0,normal
1.0132,0.9957,1.0074,0.0175,0.0698,0,normal
1.0169,1.0132,0.9957,0.0038,0.2915,0,normal
0.9975,1.0169,1.0132,-0.0194,1.358,0,normal
1.0179,0.9975,1.0169,0.0203,0.1624,0,normal
0.9831,1.0179,0.9975,-0.0347,1.0773,0,normal
0.9886,0.9831,1.0179,0.0054,1.3983,0,normal
0.9987,0.9886,0.9831,0.0101,1.2715,0,normal
0.9931,0.9987,0.9886,-0.0055,0.4427,0,normal
1.005,0.9931,0.9987,0.0119,0.2298,0,normal
1.0087,1.005,0.9931,0.0037,1.3356,0,normal
1.0004,1.0087,1.005,-0.0083,0.8999,0,normal
0.9972,1.0004,1.0087,-0.0032,1.2771,0,normal
1.0139,0.9972,1.0004,0.0167,1.013,0,normal
1.0177,1.0139,0.9972,0.0038,0.4786,0,normal
0.9871,1.0177,1.0139,-0.0306,0.1101,0,normal
1.0068,0.9871,1.0177,0.0196,0.7522,0,normal
0.9922,1.0068,0.9871,-0.0146,0.5545,0,normal
1.0018,0.9922,1.0068,0.0096,0.6795,0,normal
0.9827,1.0018,0.9922,-0.0191,0.6221,0,normal
1.0161,0.9827,1.0018,0.0334,0.3623,0,normal
0.9821,1.0161,0.9827,-0.0339,0.5674,0,normal
0.9812,0.9821,1.0161,-0.0009,0.68,0,normal
1.0165,0.9812,0.9821,0.0353,0.2187,0,normal
1.0142,1.0165,0.9812,-0.0023,0.1537,0,normal
0.9961,1.0142,1.0165,-0.0182,0.3941,0,normal
1.0171,0.9961,1.0142,0.021,1.0107,0,normal
0.9871,1.0171,0.9961,-0.03,0.6781,0,normal
0.9879,0.9871,1.0171,0.0008,0.2176,0,normal
1.005,0.9879,0.9871,0.0171,0.1925,0,normal
1.0037,1.005,0.9879,-0.0013,1.219,0,normal
1.0178,1.0037,1.005,0.0141,1.3324,0,normal
0.992,1.0178,1.0037,-0.0258,0.2843,0,normal
1.0104,0.992,1.0178,0.0184,0.0845,0,normal
1.2827,1.0104,0.992,0.2723,1.3286,0,caution
1.3095,1.2827,1.0104,0.0268,2.2153,1,caution
1.3157,1.3095,1.2827,0.0062,1.7059,1,caution
1.792,1.3157,1.3095,0.4763,1.3815,0,caution
1.8113,1.792,1.3157,0.0193,1.01,0,caution
1.4859,1.8113,1.792,-0.3254,2.3144,1,caution
1.4972,1.4859,1.8113,0.0113,1.5058,1,caution
1.2008,1.4972,1.4859,-0.2964,1.2766,0,caution
1.2042,1.2008,1.4972,0.0034,1.0604,0,caution
1.0069,1.2042,1.2008,-0.1973,1.1095,0,caution
0.9825,1.0069,1.2042,-0.0244,1.6785,1,caution
0.9908,0.9825,1.0069,0.0083,0.4912,0,normal
0.9959,0.9908,0.9825,0.0052,0.6149,0,normal
0.9971,0.9959,0.9908,0.0012,1.0292,0,normal
1.0083,0.9971,0.9959,0.0112,0.0675,0,normal
0.9974,1.0083,0.9971,-0.0109,0.7646,0,normal
0.9953,0.9974,1.0083,-0.0021,1.0973,0,normal
1.0068,0.9953,0.9974,0.0115,0.2292,0,normal
1.0141,1.0068,0.9953,0.0073,0.4047,0,normal
1.0056,1.0141,1.0068,-0.0085,0.2681,0,normal
0.9999,1.0056,1.0141,-0.0057,0.4602,0,normal
0.9895,0.9999,1.0056,-0.0104,0.6607,0,normal
0.9845,0.9895,0.9999,-0.005,1.1262,0,normal
1.0019,0.9845,0.9895,0.0174,1.0767,0,normal
1.0137,1.0019,0.9845,0.0118,0.4961,0,normal
1.0164,1.0137,1.0019,0.0028,1.3818,0,normal
1.0108,1.0164,1.0137,-0.0057,0.668,0,normal
0.9877,1.0108,1.0164,-0.0231,0.0042,0,normal
0.996,0.9877,1.0108,0.0083,0.345,0,normal
1.0107,0.996,0.9877,0.0147,1.0894,0,normal
1.0052,1.0107,0.996,-0.0055,0.5309,0,normal
0.9841,1.0052,1.0107,-0.0212,1.3031,0,normal
0.9801,0.9841,1.0052,-0.0039,1.2911,0,normal
1.0108,0.9801,0.9841,0.0307,0.6077,0,normal
0.9826,1.0108,0.9801,-0.0282,0.9975,0,normal
1.0171,0.9826,1.0108,0.0345,0.574,0,normal
1.0072,1.0171,0.9826,-0.01,1.2338,0,normal
1.0168,1.0072,1.0171,0.0096,1.262,0,normal
1.0189,1.0168,1.0072,0.0021,0.738,0,normal
1.0072,1.0189,1.0168,-0.0117,0.6638,0,normal
1.0127,1.0072,1.0189,0.0055,0.1368,0,normal
1.0159,1.0127,1.0072,0.0033,0.4843,0,normal
1.0052,1.0159,1.0127,-0.0108,1.1094,0,normal
1.0059,1.0052,1.0159,0.0008,1.2636,0,normal
1.0033,1.0059,1.0052,-0.0027,0.806,0,normal
0.9812,1.0033,1.0059,-0.0221,1.0406,0,normal
1.0123,0.9812,1.0033,0.0311,1.1293,0,normal
0.9955,1.0123,0.9812,-0.0168,0.5441,0,normal
0.9889,0.9955,1.0123,-0.0066,0.9658,0,normal
0.9934,0.9889,0.9955,0.0044,0.9501,0,normal
0.9935,0.9934,0.9889,0.0001,1.0747,0,normal
1.0069,0.9935,0.9934,0.0134,1.0978,0,normal
0.9995,1.0069,0.9935,-0.0074,0.5001,0,normal
0.9839,0.9995,1.0069,-0.0156,0.5357,0,normal
1.0012,0.9839,0.9995,0.0173,0.714,0,normal
1.0131,1.0012,0.9839,0.0118,0.5636,0,normal
1.0139,1.0131,1.0012,0.0008,0.2099,0,normal
0.9809,1.0139,1.0131,-0.033,0.0823,0,normal
0.9801,0.9809,1.0139,-0.0008,0.8778,0,normal
1.0039,0.9801,0.9809,0.0238,1.3971,0,normal
1.0199,1.0039,0.9801,0.016,0.9899,0,normal
1.0042,1.0199,1.0039,-0.0157,0.2061,0,normal
0.9962,1.0042,1.0199,-0.008,0.4902,0,normal
0.9948,0.9962,1.0042,-0.0014,1.2029,0,normal
0.9926,0.9948,0.9962,-0.0022,1.1726,0,normal
0.992,0.9926,0.9948,-0.0006,0.4415,0,normal
1.0109,0.992,0.9926,0.0189,1.1864,0,normal
0.981,1.0109,0.992,-0.0299,0.7868,0,normal
0.9955,0.981,1.0109,0.0145,1.06,0,normal
1.012,0.9955,0.981,0.0164,1.2819,0,normal
0.9821,1.012,0.9955,-0.0298,0.7009,0,normal
0.9882,0.9821,1.012,0.006,0.7658,0,normal
0.9891,0.9882,0.9821,0.001,1.2702,0,normal
1.0082,0.9891,0.9882,0.0191,0.6334,0,normal
0.9859,1.0082,0.9891,-0.0223,0.2481,0,normal
0.9839,0.9859,1.0082,-0.0021,0.7399,0,normal
0.993,0.9839,0.9859,0.0091,0.0371,0,normal
0.9944,0.993,0.9839,0.0015,0.7469,0,normal
1.0029,0.9944,0.993,0.0085,0.5939,0,normal
1.0046,1.0029,0.9944,0.0017,1.1421,0,normal
1.0185,1.0046,1.0029,0.0139,1.047,0,normal
1.0099,1.0185,1.0046,-0.0086,0.726,0,normal
1.003,1.0099,1.0185,-0.0068,0.7879,0,normal
1.0137,1.003,1.0099,0.0107,1.1958,0,normal
0.9869,1.0137,1.003,-0.0268,0.9125,0,normal
1.0116,0.9869,1.0137,0.0247,0.4995,0,normal
1.0127,1.0116,0.9869,0.001,0.0845,0,normal
1.0016,1.0127,1.0116,-0.0111,1.1532,0,normal
1.0188,1.0016,1.0127,0.0173,0.3713,0,normal
0.9936,1.0188,1.0016,-0.0252,0.3751,0,normal
1.0104,0.9936,1.0188,0.0168,0.2786,0,normal
1.0149,1.0104,0.9936,0.0045,0.3552,0,normal
0.9863,1.0149,1.0104,-0.0286,0.8612,0,normal
0.997,0.9863,1.0149,0.0106,0.4358,0,normal
0.9921,0.997,0.9863,-0.0048,0.8095,0,normal
1.0128,0.9921,0.997,0.0206,1.2792,0,normal
0.9895,1.0128,0.9921,-0.0233,0.76,0,normal
0.9821,0.9895,1.0128,-0.0073,0.0349,0,normal
0.9971,0.9821,0.9895,0.015,0.1162,0,normal
1.0028,0.9971,0.9821,0.0057,0.9552,0,normal
0.9965,1.0028,0.9971,-0.0063,0.34,0,normal
1.0011,0.9965,1.0028,0.0046,1.1906,0,normal
0.9983,1.0011,0.9965,-0.0028,0.0101,0,normal
0.9881,0.9983,1.0011,-0.0102,0.9917,0,normal
1.0137,0.9881,0.9983,0.0257,0.1581,0,normal
0.9809,1.0137,0.9881,-0.0328,0.7885,0,normal
1.0132,0.9809,1.0137,0.0323,0.4147,0,normal
1.008,1.0132,0.9809,-0.0052,1.256,0,normal
0.9892,1.008,1.0132,-0.0188,0.7117,0,normal
1.0066,0.9892,1.008,0.0174,1.1589,0,normal
0.9902,1.0066,0.9892,-0.0164,0.2535,0,normal
1.0124,0.9902,1.0066,0.0222,0.9896,0,normal
0.9948,1.0124,0.9902,-0.0176,0.9749,0,normal
0.9906,0.9948,1.0124,-0.0042,0.8404,0,normal
0.9827,0.9906,0.9948,-0.0078,0.4672,0,normal
1.0057,0.9827,0.9906,0.023,0.5411,0,normal
0.9908,1.0057,0.9827,-0.0149,0.7172,0,normal
1.0027,0.9908,1.0057,0.0119,0.5802,0,normal
1.013,1.0027,0.9908,0.0103,1.1725,0,normal
0.9993,1.013,1.0027,-0.0137,0.4358,0,normal
1.0122,0.9993,1.013,0.0129,0.805,0,normal
1.0194,1.0122,0.9993,0.0072,1.0834,0,normal
1.0057,1.0194,1.0122,-0.0138,1.0752,0,normal
1.0102,1.0057,1.0194,0.0045,0.6522,0,normal
1.0089,1.0102,1.0057,-0.0013,1.2753,0,normal
1.0121,1.0089,1.0102,0.0033,0.9291,0,normal
0.9972,1.0121,1.0089,-0.0149,1.0706,0,normal
0.9893,0.9972,1.0121,-0.0079,0.4215,0,normal
1.0054,0.9893,0.9972,0.0161,0.0487,0,normal
1.0131,1.0054,0.9893,0.0077,1.2937,0,normal
0.9806,1.0131,1.0054,-0.0325,0.1436,0,normal
0.984,0.9806,1.0131,0.0034,1.3585,0,normal
0.9901,0.984,0.9806,0.0062,0.071,0,normal
0.9833,0.9901,0.984,-0.0068,0.8799,0,normal
0.9901,0.9833,0.9901,0.0068,0.4988,0,normal
1.0009,0.9901,0.9833,0.0107,0.2326,0,normal
1.0059,1.0009,0.9901,0.0051,1.0933,0,normal
1.0036,1.0059,1.0009,-0.0023,0.6535,0,normal
1.0134,1.0036,1.0059,0.0098,0.3302,0,normal
0.9873,1.0134,1.0036,-0.0261,1.1756,0,normal
0.9901,0.9873,1.0134,0.0027,1.3779,0,normal
1.0196,0.9901,0.9873,0.0295,1.0288,0,normal
0.9934,1.0196,0.9901,-0.0262,0.7443,0,normal
1.0033,0.9934,1.0196,0.01,1.2079,0,normal
1.0172,1.0033,0.9934,0.0139,0.6565,0,normal
1.0155,1.0172,1.0033,-0.0017,0.4577,0,normal
0.9917,1.0155,1.0172,-0.0238,0.6324,0,normal
1.0177,0.9917,1.0155,0.0261,0.5885,0,normal
0.9804,1.0177,0.9917,-0.0373,1.1758,0,normal
0.9847,0.9804,1.0177,0.0043,0.1072,0,normal
1.0043,0.9847,0.9804,0.0196,0.9772,0,normal
1.0135,1.0043,0.9847,0.0091,0.7548,0,normal
1.0176,1.0135,1.0043,0.0041,0.1968,0,normal
1.0154,1.0176,1.0135,-0.0022,0.1365,0,normal
0.9978,1.0154,1.0176,-0.0176,0.4655,0,normal
0.9946,0.9978,1.0154,-0.0031,1.3629,0,normal
0.9989,0.9946,0.9978,0.0043,0.8009,0,normal
0.9902,0.9989,0.9946,-0.0088,0.9043,0,normal
0.9804,0.9902,0.9989,-0.0098,0.7763,0,normal
1.0068,0.9804,0.9902,0.0264,0.2945,0,normal
0.9927,1.0068,0.9804,-0.014,1.1437,0,normal
0.9893,0.9927,1.0068,-0.0034,0.3708,0,normal
1.0098,0.9893,0.9927,0.0204,0.2057,0,normal
1.004,1.0098,0.9893,-0.0058,0.8799,0,normal
1.0126,1.004,1.0098,0.0086,0.574,0,normal
1.0106,1.0126,1.004,-0.002,1.3854,0,normal
1.0062,1.0106,1.0126,-0.0044,0.0501,0,normal
1.0062,1.0062,1.0106,-0.0,0.1795,0,normal
1.0072,1.0062,1.0062,0.001,0.4067,0,normal
0.9883,1.0072,1.0062,-0.0189,0.1052,0,normal
1.0168,0.9883,1.0072,0.0285,0.392,0,normal
0.9899,1.0168,0.9883,-0.0269,0.7996,0,normal
1.0183,0.9899,1.0168,0.0283,1.0859,0,normal
0.9934,1.0183,0.9899,-0.0249,0.1556,0,normal
1.0132,0.9934,1.0183,0.0198,0.4142,0,normal
0.9814,1.0132,0.9934,-0.0318,0.7985,0,normal
0.9936,0.9814,1.0132,0.0122,0.594,0,normal
1.003,0.9936,0.9814,0.0094,0.1605,0,normal
0.9979,1.003,0.9936,-0.0051,0.9577,0,normal
1.0147,0.9979,1.003,0.0168,0.6607,0,normal
0.9861,1.0147,0.9979,-0.0286,0.3735,0,normal
0.9822,0.9861,1.0147,-0.0039,0.2911,0,normal
1.013,0.9822,0.9861,0.0309,0.6725,0,normal
0.987,1.013,0.9822,-0.0261,0.0438,0,normal
1.0184,0.987,1.013,0.0315,0.2584,0,normal
1.0109,1.0184,0.987,-0.0075,0.0239,0,normal
0.9944,1.0109,1.0184,-0.0166,0.4534,0,normal
0.9957,0.9944,1.0109,0.0014,0.2136,0,normal
0.9906,0.9957,0.9944,-0.0051,1.3897,0,normal
1.0191,0.9906,0.9957,0.0285,0.7872,0,normal
0.9971,1.0191,0.9906,-0.022,0.4937,0,normal
1.0007,0.9971,1.0191,0.0035,0.091,0,normal
0.9959,1.0007,0.9971,-0.0048,0.3726,0,normal
1.0037,0.9959,1.0007,0.0079,0.2855,0,normal
1.0119,1.0037,0.9959,0.0081,0.071,0,normal
1.0152,1.0119,1.0037,0.0033,0.7153,0,normal
1.0054,1.0152,1.0119,-0.0098,0.8598,0,normal
0.9815,1.0054,1.0152,-0.0239,0.6998,0,normal
0.9805,0.9815,1.0054,-0.001,0.8203,0,normal
0.9917,0.9805,0.9815,0.0112,0.361,0,normal
0.9971,0.9917,0.9805,0.0053,1.0943,0,normal
0.9886,0.9971,0.9917,-0.0085,0.9397,0,normal
0.9834,0.9886,0.9971,-0.0052,0.5926,0,normal
0.9832,0.9834,0.9886,-0.0002,0.9013,0,normal
1.0081,0.9832,0.9834,0.025,1.283,0,normal
0.9981,1.0081,0.9832,-0.01,0.989,0,normal
1.0021,0.9981,1.0081,0.004,0.521,0,normal
0.9947,1.0021,0.9981,-0.0074,0.1793,0,normal
1.0057,0.9947,1.0021,0.011,0.9667,0,normal
1.0169,1.0057,0.9947,0.0113,0.907,0,normal
0.9886,1.0169,1.0057,-0.0283,0.959,0,normal
0.9825,0.9886,1.0169,-0.0061,0.8658,0,normal
1.0046,0.9825,0.9886,0.0222,1.0632,0,normal
1.0087,1.0046,0.9825,0.004,0.8852,0,normal
1.0063,1.0087,1.0046,-0.0024,1.1578,0,normal
0.9833,1.0063,1.0087,-0.023,1.2234,0,normal
0.9886,0.9833,1.0063,0.0053,1.1323,0,normal
0.9995,0.9886,0.9833,0.0109,1.3595,0,normal
0.9937,0.9995,0.9886,-0.0058,0.5629,0,normal
1.0196,0.9937,0.9995,0.0258,1.2531,0,normal
0.9918,1.0196,0.9937,-0.0277,1.1076,0,normal
0.985,0.9918,1.0196,-0.0068,0.1527,0,normal
1.0166,0.985,0.9918,0.0316,0.8669,0,normal
0.989,1.0166,0.985,-0.0276,1.3368,0,normal
0.9885,0.989,1.0166,-0.0005,0.3265,0,normal
0.9875,0.9885,0.989,-0.0009,0.3447,0,normal
0.9859,0.9875,0.9885,-0.0016,0.7737,0,normal
1.0052,0.9859,0.9875,0.0193,0.7247,0,normal
0.9961,1.0052,0.9859,-0.0091,0.0661,0,normal
0.9843,0.9961,1.0052,-0.0118,1.091,0,normal
1.0128,0.9843,0.9961,0.0285,0.5706,0,normal
0.988,1.0128,0.9843,-0.0248,0.9698,0,normal
0.9963,0.988,1.0128,0.0083,0.1855,0,normal
1.0154,0.9963,0.988,0.0191,0.5596,0,normal
0.9846,1.0154,0.9963,-0.0308,0.0959,0,normal
1.0115,0.9846,1.0154,0.027,0.0777,0,normal
1.0036,1.0115,0.9846,-0.0079,1.2834,0,normal
0.984,1.0036,1.0115,-0.0197,0.7493,0,normal
1.001,0.984,1.0036,0.017,0.8329,0,normal
0.9963,1.001,0.984,-0.0047,0.5249,0,normal
0.9919,0.9963,1.001,-0.0044,1.1701,0,normal
1.0005,0.9919,0.9963,0.0086,0.0677,0,normal
1.0078,1.0005,0.9919,0.0073,1.3388,0,normal
1.0059,1.0078,1.0005,-0.0019,0.7391,0,normal
1.0002,1.0059,1.0078,-0.0057,0.4151,0,normal
1.0025,1.0002,1.0059,0.0023,0.5151,0,normal
0.99,1.0025,1.0002,-0.0125,0.3487,0,normal
0.9819,0.99,1.0025,-0.0081,0.3174,0,normal
0.9911,0.9819,0.99,0.0092,0.4847,0,normal
0.9913,0.9911,0.9819,0.0002,0.9737,0,normal
1.0,0.9913,0.9911,0.0088,0.5737,0,normal
1.0114,1.0,0.9913,0.0114,0.3983,0,normal
0.9841,1.0114,1.0,-0.0273,0.2057,0,normal
0.9966,0.9841,1.0114,0.0125,1.3645,0,normal
0.9956,0.9966,0.9841,-0.001,0.7926,0,normal
1.013,0.9956,0.9966,0.0174,1.3382,0,normal
0.9809,1.013,0.9956,-0.0321,0.5136,0,normal
0.9869,0.9809,1.013,0.006,0.5373,0,normal
0.9893,0.9869,0.9809,0.0024,0.2775,0,normal
0.9817,0.9893,0.9869,-0.0076,0.6958,0,normal
0.9982,0.9817,0.9893,0.0165,0.3587,0,normal
0.9846,0.9982,0.9817,-0.0136,0.9981,0,normal
1.0186,0.9846,0.9982,0.034,1.2873,0,normal
1.0172,1.0186,0.9846,-0.0013,0.2438,0,normal
0.9915,1.0172,1.0186,-0.0257,0.1697,0,normal
1.01,0.9915,1.0172,0.0184,0.8738,0,normal
0.9929,1.01,0.9915,-0.0171,1.0429,0,normal
0.9849,0.9929,1.01,-0.008,1.0472,0,normal
0.9808,0.9849,0.9929,-0.0041,0.5942,0,normal
1.002,0.9808,0.9849,0.0212,1.0565,0,normal
0.9892,1.002,0.9808,-0.0128,0.8451,0,normal
1.0079,0.9892,1.002,0.0188,1.2582,0,normal
1.0029,1.0079,0.9892,-0.005,0.528,0,normal
0.9876,1.0029,1.0079,-0.0153,0.8844,0,normal
1.0175,0.9876,1.0029,0.0298,0.5235,0,normal
1.0177,1.0175,0.9876,0.0002,0.2128,0,normal
1.0027,1.0177,1.0175,-0.015,1.2879,0,normal
1.0166,1.0027,1.0177,0.0139,1.0608,0,normal
0.9909,1.0166,1.0027,-0.0256,0.8002,0,normal
0.9838,0.9909,1.0166,-0.0071,0.7959,0,normal
0.9918,0.9838,0.9909,0.008,0.8245,0,normal
0.9934,0.9918,0.9838,0.0016,0.7043,0,normal
1.0112,0.9934,0.9918,0.0178,0.5151,0,normal
0.9834,1.0112,0.9934,-0.0278,0.5423,0,normal
1.0101,0.9834,1.0112,0.0267,0.4141,0,normal
2.8158,1.0101,0.9834,1.8057,2.7885,1,hazard
2.8004,2.8158,1.0101,-0.0154,3.1525,1,hazard
0.2969,2.8004,2.8158,-2.5036,2.0465,1,hazard
1.3958,0.2969,2.8004,1.0989,1.8051,1,hazard
1.086,1.3958,0.2969,-0.3098,2.92,1,hazard
1.014,1.086,1.3958,-0.072,1.9522,1,hazard
1.0133,1.014,1.086,-0.0007,3.4834,1,hazard
1.0119,1.0133,1.014,-0.0014,0.3335,0,normal
1.0133,1.0119,1.0133,0.0014,0.5907,0,normal
1.0129,1.0133,1.0119,-0.0004,0.932,0,normal
1.0168,1.0129,1.0133,0.004,0.394,0,normal
1.008,1.0168,1.0129,-0.0089,0.6337,0,normal
1.0,1.008,1.0168,-0.0079,0.3708,0,normal
0.996,1.0,1.008,-0.0041,0.2965,0,normal
1.0007,0.996,1.0,0.0048,0.3439,0,normal
0.9904,1.0007,0.996,-0.0103,0.0977,0,normal
1.0089,0.9904,1.0007,0.0185,0.5882,0,normal
0.999,1.0089,0.9904,-0.0099,0.418,0,normal
0.984,0.999,1.0089,-0.015,1.3373,0,normal
1.0153,0.984,0.999,0.0313,1.245,0,normal
0.9919,1.0153,0.984,-0.0234,1.3678,0,normal
1.2911,0.9919,1.0153,0.2992,1.1358,0,caution
1.3053,1.2911,0.9919,0.0141,1.4203,0,caution
1.2816,1.3053,1.2911,-0.0236,1.4058,0,caution
1.7909,1.2816,1.3053,0.5093,2.0413,1,caution
1.8023,1.7909,1.2816,0.0114,1.1167,0,caution
1.5035,1.8023,1.7909,-0.2987,1.5478,1,caution
1.5095,1.5035,1.8023,0.0059,1.6059,1,caution
1.1863,1.5095,1.5035,-0.3232,1.559,1,caution
1.2166,1.1863,1.5095,0.0303,2.263,1,caution
1.0181,1.2166,1.1863,-0.1985,1.3855,0,caution
0.9969,1.0181,1.2166,-0.0212,1.141,0,caution
1.0142,0.9969,1.0181,0.0173,0.1628,0,normal
1.2819,1.0142,0.9969,0.2676,1.9156,1,caution
1.3155,1.2819,1.0142,0.0336,1.7737,1,caution
1.2813,1.3155,1.2819,-0.0342,2.1852,1,caution
1.7977,1.2813,1.3155,0.5164,2.4576,1,caution
1.8027,1.7977,1.2813,0.005,1.538,1,caution
1.4993,1.8027,1.7977,-0.3034,2.3456,1,caution
1.5023,1.4993,1.8027,0.003,2.196,1,caution
1.2051,1.5023,1.4993,-0.2972,1.1859,0,caution
1.1815,1.2051,1.5023,-0.0236,2.1694,1,caution
1.0035,1.1815,1.2051,-0.178,2.321,1,caution
1.0087,1.0035,1.1815,0.0052,1.9223,1,caution
0.9833,1.0087,1.0035,-0.0254,0.6161,0,normal
1.0183,0.9833,1.0087,0.035,0.0206,0,normal
0.9914,1.0183,0.9833,-0.0269,1.1607,0,normal
1.0183,0.9914,1.0183,0.0269,0.7084,0,normal
1.0066,1.0183,0.9914,-0.0117,1.0108,0,normal
0.9868,1.0066,1.0183,-0.0198,1.1396,0,normal
1.0142,0.9868,1.0066,0.0274,0.2006,0,normal
0.987,1.0142,0.9868,-0.0271,0.3566,0,normal
0.9837,0.987,1.0142,-0.0033,0.8902,0,normal
1.0167,0.9837,0.987,0.0329,1.0414,0,normal
1.016,1.0167,0.9837,-0.0007,1.0901,0,normal
0.9825,1.016,1.0167,-0.0334,0.6427,0,normal
0.9962,0.9825,1.016,0.0137,0.4602,0,normal
0.9847,0.9962,0.9825,-0.0115,1.0419,0,normal
1.015,0.9847,0.9962,0.0304,0.389,0,normal
0.9816,1.015,0.9847,-0.0335,1.2553,0,normal
1.0096,0.9816,1.015,0.0281,0.9976,0,normal
0.9945,1.0096,0.9816,-0.0151,0.0763,0,normal
1.0123,0.9945,1.0096,0.0178,1.1321,0,normal
0.9819,1.0123,0.9945,-0.0304,0.1684,0,normal
1.0151,0.9819,1.0123,0.0332,1.3663,0,normal
1.0058,1.0151,0.9819,-0.0093,1.371,0,normal
1.0125,1.0058,1.0151,0.0067,0.6893,0,normal
1.0048,1.0125,1.0058,-0.0077,0.7253,0,normal
0.9853,1.0048,1.0125,-0.0195,0.5538,0,normal
1.004,0.9853,1.0048,0.0187,1.0977,0,normal
1.0044,1.004,0.9853,0.0005,1.1639,0,normal
1.0029,1.0044,1.004,-0.0015,0.747,0,normal
0.9991,1.0029,1.0044,-0.0039,1.3852,0,normal
1.0079,0.9991,1.0029,0.0088,0.834,0,normal
1.0001,1.0079,0.9991,-0.0078,0.1233,0,normal
0.9968,1.0001,1.0079,-0.0033,0.407,0,normal
1.0014,0.9968,1.0001,0.0046,0.585,0,normal
1.0183,1.0014,0.9968,0.0169,1.119,0,normal
1.017,1.0183,1.0014,-0.0012,0.1448,0,normal
0.9874,1.017,1.0183,-0.0296,1.1157,0,normal
0.9896,0.9874,1.017,0.0022,0.1971,0,normal
0.9916,0.9896,0.9874,0.002,1.0857,0,normal
0.9911,0.9916,0.9896,-0.0006,1.0016,0,normal
1.0173,0.9911,0.9916,0.0262,0.5773,0,normal
